-- --------------------------------------------------------
-- Host:                         127.0.0.1
-- Server version:               10.1.40-MariaDB - mariadb.org binary distribution
-- Server OS:                    Win64
-- HeidiSQL Version:             10.2.0.5599
-- --------------------------------------------------------

/*!40101 SET @OLD_CHARACTER_SET_CLIENT=@@CHARACTER_SET_CLIENT */;
/*!40101 SET NAMES utf8 */;
/*!50503 SET NAMES utf8mb4 */;
/*!40014 SET @OLD_FOREIGN_KEY_CHECKS=@@FOREIGN_KEY_CHECKS, FOREIGN_KEY_CHECKS=0 */;
/*!40101 SET @OLD_SQL_MODE=@@SQL_MODE, SQL_MODE='NO_AUTO_VALUE_ON_ZERO' */;

-- Dumping structure for table absensi_smk.guru
DROP TABLE IF EXISTS `guru`;
CREATE TABLE IF NOT EXISTS `guru` (
  `ID_GURU` int(11) NOT NULL AUTO_INCREMENT,
  `KODE_GURU` varchar(20) COLLATE latin1_general_ci NOT NULL,
  `NAMA_GURU` varchar(255) COLLATE latin1_general_ci DEFAULT NULL,
  `WALI_KELAS` enum('Y','T') COLLATE latin1_general_ci DEFAULT 'T',
  `STATUS_GURU` enum('A','T') COLLATE latin1_general_ci DEFAULT 'A',
  PRIMARY KEY (`ID_GURU`),
  UNIQUE KEY `KODE_GURU` (`KODE_GURU`)
) ENGINE=InnoDB AUTO_INCREMENT=18 DEFAULT CHARSET=latin1 COLLATE=latin1_general_ci;

-- Dumping data for table absensi_smk.guru: ~14 rows (approximately)
DELETE FROM `guru`;
/*!40000 ALTER TABLE `guru` DISABLE KEYS */;
INSERT INTO `guru` (`ID_GURU`, `KODE_GURU`, `NAMA_GURU`, `WALI_KELAS`, `STATUS_GURU`) VALUES
	(1, '01', 'Nina Rianingsih, S.Si', 'T', 'A'),
	(4, '02', 'Dwiana Rahayu, S.Pd', 'Y', 'A'),
	(5, '03', 'Rani Kumala Sinta, S.Pd', 'Y', 'A'),
	(6, '04', 'Manik Sinatra Murti, S.Pd', 'Y', 'A'),
	(7, '05', 'Sigit Tribowo, S.Pd', 'Y', 'A'),
	(8, '06', 'Yulianto, M. Sn', 'Y', 'A'),
	(9, '07', 'Hartati Sangadah, S.Pd', 'Y', 'A'),
	(10, '08', 'Mujib Riyanto, S.Pd', 'Y', 'A'),
	(11, '09', 'Fardina Agustantri Dwi Saputri, S.pf', 'Y', 'A'),
	(12, '10', 'Yuni Tri Kurdianti, A.Md', 'Y', 'A'),
	(13, '11', 'Arif Zam Romadhona, S.Kom', 'Y', 'A'),
	(14, '12', 'Deni Inayat Sani, S.Pd', 'Y', 'A'),
	(15, '13', 'Arohman Taufik, S.Pd', 'Y', 'A'),
	(16, '14', 'Miftahuddin Juhdi, S.Pd.I', 'Y', 'A'),
	(17, '15', 'Wahyu Dewanto Pribadi, S.Pd', 'Y', 'A');
/*!40000 ALTER TABLE `guru` ENABLE KEYS */;

-- Dumping structure for table absensi_smk.jurusan
DROP TABLE IF EXISTS `jurusan`;
CREATE TABLE IF NOT EXISTS `jurusan` (
  `ID_JURUSAN` int(11) NOT NULL AUTO_INCREMENT,
  `KODE_JURUSAN` varchar(20) COLLATE latin1_general_ci NOT NULL,
  `NAMA_JURUSAN` varchar(255) COLLATE latin1_general_ci DEFAULT NULL,
  `STATUS_JURUSAN` enum('A','T') COLLATE latin1_general_ci NOT NULL DEFAULT 'A',
  PRIMARY KEY (`ID_JURUSAN`),
  UNIQUE KEY `KODE_JURUSAN` (`KODE_JURUSAN`)
) ENGINE=InnoDB AUTO_INCREMENT=12 DEFAULT CHARSET=latin1 COLLATE=latin1_general_ci;

-- Dumping data for table absensi_smk.jurusan: ~11 rows (approximately)
DELETE FROM `jurusan`;
/*!40000 ALTER TABLE `jurusan` DISABLE KEYS */;
INSERT INTO `jurusan` (`ID_JURUSAN`, `KODE_JURUSAN`, `NAMA_JURUSAN`, `STATUS_JURUSAN`) VALUES
	(1, 'AK', 'Akuntansi', 'A'),
	(2, 'AKKL', 'Akuntansi dan Keuangan Lembaga', 'A'),
	(3, 'AP', 'Administrasi Perkantoran', 'A'),
	(4, 'BB', 'Tata Busana', 'T'),
	(5, 'BDPM', 'Bisnis Daring dan Pemasaran', 'A'),
	(6, 'OTKP', 'Otomatisasi dan Tata Kelola Perkantoran', 'A'),
	(7, 'PM', 'Pemasaran', 'A'),
	(8, 'TB', 'Tata Busana', 'A'),
	(9, 'TBSM', 'Teknik Bisnis dan Sepeda Motor', 'A'),
	(10, 'TKJ', 'Teknik Komputer dan Jaringan', 'A'),
	(11, 'TSM', 'Teknik Sepeda Motor', 'A');
/*!40000 ALTER TABLE `jurusan` ENABLE KEYS */;

-- Dumping structure for table absensi_smk.kelas
DROP TABLE IF EXISTS `kelas`;
CREATE TABLE IF NOT EXISTS `kelas` (
  `ID_KELAS` int(11) NOT NULL AUTO_INCREMENT,
  `LEVEL_KELAS` enum('X','XI','XII') COLLATE latin1_general_ci NOT NULL DEFAULT 'X',
  `JURUSAN_KELAS` varchar(20) COLLATE latin1_general_ci DEFAULT NULL,
  `NAMA_KELAS` varchar(20) COLLATE latin1_general_ci DEFAULT NULL,
  `TAHUN_ANGKATAN_KELAS` varchar(4) COLLATE latin1_general_ci DEFAULT NULL,
  `JUMLAH_SISWA` int(11) NOT NULL DEFAULT '0',
  `STATUS_KELAS` enum('A','T') COLLATE latin1_general_ci NOT NULL DEFAULT 'A',
  `WALI_KELAS` int(11) DEFAULT NULL,
  PRIMARY KEY (`ID_KELAS`),
  UNIQUE KEY `UQ1` (`LEVEL_KELAS`,`JURUSAN_KELAS`,`NAMA_KELAS`,`TAHUN_ANGKATAN_KELAS`),
  KEY `FK_kelas_jurusan` (`JURUSAN_KELAS`),
  KEY `FK_kelas_guru` (`WALI_KELAS`),
  CONSTRAINT `FK_kelas_guru` FOREIGN KEY (`WALI_KELAS`) REFERENCES `guru` (`ID_GURU`) ON DELETE NO ACTION ON UPDATE NO ACTION,
  CONSTRAINT `FK_kelas_jurusan` FOREIGN KEY (`JURUSAN_KELAS`) REFERENCES `jurusan` (`KODE_JURUSAN`) ON DELETE NO ACTION ON UPDATE NO ACTION,
  CONSTRAINT `FK_kelas_level_kelas` FOREIGN KEY (`LEVEL_KELAS`) REFERENCES `level_kelas` (`ID_LEVEL_KELAS`) ON DELETE NO ACTION ON UPDATE NO ACTION
) ENGINE=InnoDB AUTO_INCREMENT=50 DEFAULT CHARSET=latin1 COLLATE=latin1_general_ci;

-- Dumping data for table absensi_smk.kelas: ~49 rows (approximately)
DELETE FROM `kelas`;
/*!40000 ALTER TABLE `kelas` DISABLE KEYS */;
INSERT INTO `kelas` (`ID_KELAS`, `LEVEL_KELAS`, `JURUSAN_KELAS`, `NAMA_KELAS`, `TAHUN_ANGKATAN_KELAS`, `JUMLAH_SISWA`, `STATUS_KELAS`, `WALI_KELAS`) VALUES
	(1, 'XII', 'AK', 'AK1', '2016', 35, 'A', 1),
	(2, 'XII', 'AK', 'AK2', '2016', 35, 'A', 1),
	(3, 'XII', 'AK', 'AK3', '2016', 35, 'A', 1),
	(4, 'XII', 'AK', 'AK4', '2016', 35, 'A', 1),
	(5, 'XII', 'AP', 'AP1', '2016', 35, 'A', 1),
	(6, 'XII', 'AP', 'AP2', '2016', 35, 'A', 1),
	(7, 'XII', 'AP', 'AP3', '2016', 35, 'A', 1),
	(8, 'XII', 'AP', 'AP4', '2016', 35, 'A', 1),
	(9, 'XII', 'BB', 'BB', '2016', 35, 'A', 1),
	(10, 'XII', 'PM', 'PM1', '2016', 35, 'A', 1),
	(11, 'XII', 'PM', 'PM2', '2016', 35, 'A', 1),
	(12, 'XII', 'TKJ', 'AXIOO', '2016', 35, 'A', 1),
	(13, 'XII', 'TKJ', 'TKJ2', '2016', 35, 'A', 1),
	(14, 'XII', 'TKJ', 'TKJ3', '2016', 35, 'A', 1),
	(15, 'XII', 'TSM', 'TSM1', '2016', 35, 'A', 1),
	(16, 'XII', 'TSM', 'TSM2', '2016', 35, 'A', 1),
	(17, 'XII', 'TSM', 'TSM3', '2016', 35, 'A', 1),
	(18, 'XI', 'AKKL', 'AKKL1', '2017', 35, 'A', 1),
	(19, 'XI', 'AKKL', 'AKKL2', '2017', 35, 'A', 1),
	(20, 'XI', 'AKKL', 'AKKL3', '2017', 35, 'A', 1),
	(21, 'XI', 'AKKL', 'AKKL4', '2017', 35, 'A', 1),
	(22, 'XI', 'BDPM', 'BDPM1', '2017', 35, 'A', 1),
	(23, 'XI', 'BDPM', 'BDPM2', '2017', 35, 'A', 1),
	(24, 'XI', 'OTKP', 'OTKP1', '2017', 35, 'A', 1),
	(25, 'XI', 'OTKP', 'OTKP2', '2017', 35, 'A', 1),
	(26, 'XI', 'OTKP', 'OTKP3', '2017', 35, 'A', 1),
	(27, 'XI', 'OTKP', 'OTKP4', '2017', 35, 'A', 1),
	(28, 'XI', 'TB', 'TB', '2017', 35, 'A', 1),
	(29, 'XI', 'TBSM', 'TBSM1', '2017', 35, 'A', 1),
	(30, 'XI', 'TBSM', 'TBSM2', '2017', 35, 'A', 1),
	(31, 'XI', 'TBSM', 'TBSM3', '2017', 35, 'A', 1),
	(32, 'XI', 'TKJ', 'AXIOO', '2017', 35, 'A', 1),
	(33, 'XI', 'TKJ', 'TKJ2', '2017', 35, 'A', 1),
	(34, 'XI', 'TKJ', 'TKJ3', '2017', 35, 'A', 1),
	(35, 'X', 'AKKL', 'AKKL1', '2018', 35, 'A', 4),
	(36, 'X', 'AKKL', 'AKKL2', '2018', 35, 'A', 5),
	(37, 'X', 'AKKL', 'AKKL3', '2018', 35, 'A', 6),
	(38, 'X', 'BDPM', 'BDPM', '2018', 35, 'A', 7),
	(39, 'X', 'OTKP', 'OTKP1', '2018', 35, 'A', 8),
	(40, 'X', 'OTKP', 'OTKP2', '2018', 35, 'A', 9),
	(41, 'X', 'OTKP', 'OTKP3', '2018', 35, 'A', 10),
	(42, 'X', 'OTKP', 'OTKP4', '2018', 35, 'A', 11),
	(43, 'X', 'TB', 'TB', '2018', 35, 'A', 17),
	(44, 'X', 'TBSM', 'TBSM1', '2018', 35, 'A', 16),
	(45, 'X', 'TBSM', 'TBSM2', '2018', 35, 'A', 15),
	(46, 'X', 'TBSM', 'TBSM3', '2018', 35, 'A', 14),
	(47, 'X', 'TKJ', 'AXIOO', '2018', 35, 'A', 13),
	(48, 'X', 'TKJ', 'TKJ2', '2018', 35, 'A', 12),
	(49, 'X', 'TKJ', 'TKJ3', '2018', 35, 'A', 1);
/*!40000 ALTER TABLE `kelas` ENABLE KEYS */;

-- Dumping structure for table absensi_smk.level_kelas
DROP TABLE IF EXISTS `level_kelas`;
CREATE TABLE IF NOT EXISTS `level_kelas` (
  `ID_LEVEL_KELAS` enum('X','XI','XII') COLLATE latin1_general_ci NOT NULL DEFAULT 'X',
  `NAMA_LEVEL_KELAS` varchar(50) COLLATE latin1_general_ci NOT NULL DEFAULT '',
  PRIMARY KEY (`ID_LEVEL_KELAS`)
) ENGINE=InnoDB DEFAULT CHARSET=latin1 COLLATE=latin1_general_ci;

-- Dumping data for table absensi_smk.level_kelas: ~3 rows (approximately)
DELETE FROM `level_kelas`;
/*!40000 ALTER TABLE `level_kelas` DISABLE KEYS */;
INSERT INTO `level_kelas` (`ID_LEVEL_KELAS`, `NAMA_LEVEL_KELAS`) VALUES
	('X', 'Kelas X'),
	('XI', 'Kelas XI'),
	('XII', 'Kelas XII');
/*!40000 ALTER TABLE `level_kelas` ENABLE KEYS */;

-- Dumping structure for table absensi_smk.level_user
DROP TABLE IF EXISTS `level_user`;
CREATE TABLE IF NOT EXISTS `level_user` (
  `ID_LEVEL_USER` varchar(5) COLLATE latin1_general_ci NOT NULL,
  `NAMA_LEVEL_USER` varchar(50) COLLATE latin1_general_ci NOT NULL
) ENGINE=InnoDB DEFAULT CHARSET=latin1 COLLATE=latin1_general_ci;

-- Dumping data for table absensi_smk.level_user: ~3 rows (approximately)
DELETE FROM `level_user`;
/*!40000 ALTER TABLE `level_user` DISABLE KEYS */;
INSERT INTO `level_user` (`ID_LEVEL_USER`, `NAMA_LEVEL_USER`) VALUES
	('ADMIN', 'Administrator'),
	('BK', 'Guru BK'),
	('GURU', 'Guru / Wali');
/*!40000 ALTER TABLE `level_user` ENABLE KEYS */;

-- Dumping structure for table absensi_smk.masterconfig
DROP TABLE IF EXISTS `masterconfig`;
CREATE TABLE IF NOT EXISTS `masterconfig` (
  `ID_CONFIG` int(11) NOT NULL AUTO_INCREMENT,
  `SEMESTER_AKTIF` varchar(5) COLLATE latin1_general_ci NOT NULL DEFAULT 'GASAL',
  `TA_AKTIF_KELAS_X` varchar(4) COLLATE latin1_general_ci DEFAULT NULL,
  `TA_AKTIF_KELAS_XI` varchar(4) COLLATE latin1_general_ci DEFAULT NULL,
  `TA_AKTIF_KELAS_XII` varchar(4) COLLATE latin1_general_ci DEFAULT NULL,
  `KEPSEK` varchar(255) COLLATE latin1_general_ci NOT NULL DEFAULT '',
  PRIMARY KEY (`ID_CONFIG`)
) ENGINE=InnoDB AUTO_INCREMENT=2 DEFAULT CHARSET=latin1 COLLATE=latin1_general_ci;

-- Dumping data for table absensi_smk.masterconfig: ~1 rows (approximately)
DELETE FROM `masterconfig`;
/*!40000 ALTER TABLE `masterconfig` DISABLE KEYS */;
INSERT INTO `masterconfig` (`ID_CONFIG`, `SEMESTER_AKTIF`, `TA_AKTIF_KELAS_X`, `TA_AKTIF_KELAS_XI`, `TA_AKTIF_KELAS_XII`, `KEPSEK`) VALUES
	(1, '20191', '2018', '2017', '2016', 'TRI YULIANTO, S.Kom');
/*!40000 ALTER TABLE `masterconfig` ENABLE KEYS */;

-- Dumping structure for table absensi_smk.persensi_harian
DROP TABLE IF EXISTS `persensi_harian`;
CREATE TABLE IF NOT EXISTS `persensi_harian` (
  `ID_PERSENSI_HARIAN` int(11) NOT NULL AUTO_INCREMENT,
  `NIS` varchar(20) COLLATE latin1_general_ci DEFAULT NULL,
  `KELAS` int(11) DEFAULT NULL,
  `SEMESTER` varchar(5) COLLATE latin1_general_ci DEFAULT NULL,
  `TANGGAL_PERSENSI` date NOT NULL,
  `KEHADIRAN` enum('H','I','S','A') COLLATE latin1_general_ci DEFAULT NULL COMMENT 'HADIR,IJIN,SAKIT,ALPA',
  `USER` int(11) DEFAULT NULL,
  PRIMARY KEY (`ID_PERSENSI_HARIAN`),
  UNIQUE KEY `NIS` (`NIS`,`TANGGAL_PERSENSI`),
  KEY `FK_persensi_harian_semester` (`SEMESTER`),
  KEY `FK_persensi_harian_kelas` (`KELAS`),
  CONSTRAINT `FK_persensi_harian_kelas` FOREIGN KEY (`KELAS`) REFERENCES `kelas` (`ID_KELAS`) ON DELETE NO ACTION ON UPDATE NO ACTION,
  CONSTRAINT `FK_persensi_harian_semester` FOREIGN KEY (`SEMESTER`) REFERENCES `semester` (`KODE_SEMESTER`) ON DELETE NO ACTION ON UPDATE NO ACTION,
  CONSTRAINT `FK_persensi_harian_siswa` FOREIGN KEY (`NIS`) REFERENCES `siswa` (`NIS`) ON DELETE NO ACTION ON UPDATE NO ACTION
) ENGINE=InnoDB AUTO_INCREMENT=727 DEFAULT CHARSET=latin1 COLLATE=latin1_general_ci;

-- Dumping data for table absensi_smk.persensi_harian: ~459 rows (approximately)
DELETE FROM `persensi_harian`;
/*!40000 ALTER TABLE `persensi_harian` DISABLE KEYS */;
INSERT INTO `persensi_harian` (`ID_PERSENSI_HARIAN`, `NIS`, `KELAS`, `SEMESTER`, `TANGGAL_PERSENSI`, `KEHADIRAN`, `USER`) VALUES
	(1, '18708', 35, '20191', '2019-07-04', 'I', 1),
	(2, '18709', 35, '20191', '2019-07-04', 'I', 1),
	(3, '18710', 35, '20191', '2019-07-04', 'I', 1),
	(4, '18711', 35, '20191', '2019-07-04', 'S', 1),
	(5, '18712', 35, '20191', '2019-07-04', 'S', 1),
	(6, '18713', 35, '20191', '2019-07-04', 'S', 1),
	(7, '18714', 35, '20191', '2019-07-04', 'A', 1),
	(8, '18715', 35, '20191', '2019-07-04', 'H', 1),
	(9, '18716', 35, '20191', '2019-07-04', 'H', 1),
	(10, '18717', 35, '20191', '2019-07-04', 'H', 1),
	(11, '18718', 35, '20191', '2019-07-04', 'H', 1),
	(12, '18719', 35, '20191', '2019-07-04', 'H', 1),
	(13, '18720', 35, '20191', '2019-07-04', 'H', 1),
	(14, '18721', 35, '20191', '2019-07-04', 'H', 1),
	(15, '18722', 35, '20191', '2019-07-04', 'H', 1),
	(16, '18723', 35, '20191', '2019-07-04', 'H', 1),
	(17, '18724', 35, '20191', '2019-07-04', 'H', 1),
	(18, '18725', 35, '20191', '2019-07-04', 'H', 1),
	(19, '18726', 35, '20191', '2019-07-04', 'H', 1),
	(20, '18727', 35, '20191', '2019-07-04', 'H', 1),
	(21, '18728', 35, '20191', '2019-07-04', 'H', 1),
	(22, '18729', 35, '20191', '2019-07-04', 'H', 1),
	(23, '18730', 35, '20191', '2019-07-04', 'H', 1),
	(24, '18731', 35, '20191', '2019-07-04', 'H', 1),
	(25, '18732', 35, '20191', '2019-07-04', 'H', 1),
	(26, '18733', 35, '20191', '2019-07-04', 'H', 1),
	(27, '18734', 35, '20191', '2019-07-04', 'H', 1),
	(28, '18735', 35, '20191', '2019-07-04', 'H', 1),
	(29, '18736', 35, '20191', '2019-07-04', 'H', 1),
	(30, '18737', 35, '20191', '2019-07-04', 'H', 1),
	(31, '18738', 35, '20191', '2019-07-04', 'H', 1),
	(32, '18739', 35, '20191', '2019-07-04', 'H', 1),
	(33, '18740', 35, '20191', '2019-07-04', 'H', 1),
	(34, '18741', 35, '20191', '2019-07-04', 'H', 1),
	(35, '18742', 35, '20191', '2019-07-04', 'H', 1),
	(64, '18743', 36, '20191', '2019-07-04', 'H', 5),
	(65, '18744', 36, '20191', '2019-07-04', 'H', 5),
	(66, '18745', 36, '20191', '2019-07-04', 'H', 5),
	(67, '18746', 36, '20191', '2019-07-04', 'H', 5),
	(68, '18747', 36, '20191', '2019-07-04', 'H', 5),
	(69, '18748', 36, '20191', '2019-07-04', 'H', 5),
	(70, '18749', 36, '20191', '2019-07-04', 'H', 5),
	(71, '18750', 36, '20191', '2019-07-04', 'H', 5),
	(72, '18751', 36, '20191', '2019-07-04', 'H', 5),
	(73, '18752', 36, '20191', '2019-07-04', 'H', 5),
	(74, '18753', 36, '20191', '2019-07-04', 'H', 5),
	(75, '18754', 36, '20191', '2019-07-04', 'H', 5),
	(76, '18755', 36, '20191', '2019-07-04', 'H', 5),
	(77, '18756', 36, '20191', '2019-07-04', 'H', 5),
	(78, '18757', 36, '20191', '2019-07-04', 'H', 5),
	(79, '18758', 36, '20191', '2019-07-04', 'H', 5),
	(80, '18759', 36, '20191', '2019-07-04', 'H', 5),
	(81, '18760', 36, '20191', '2019-07-04', 'H', 5),
	(82, '18761', 36, '20191', '2019-07-04', 'H', 5),
	(83, '18762', 36, '20191', '2019-07-04', 'H', 5),
	(84, '18763', 36, '20191', '2019-07-04', 'H', 5),
	(85, '18764', 36, '20191', '2019-07-04', 'H', 5),
	(86, '18765', 36, '20191', '2019-07-04', 'H', 5),
	(87, '18766', 36, '20191', '2019-07-04', 'H', 5),
	(88, '18767', 36, '20191', '2019-07-04', 'H', 5),
	(89, '18768', 36, '20191', '2019-07-04', 'H', 5),
	(90, '18769', 36, '20191', '2019-07-04', 'H', 5),
	(91, '18770', 36, '20191', '2019-07-04', 'H', 5),
	(92, '18771', 36, '20191', '2019-07-04', 'H', 5),
	(93, '18772', 36, '20191', '2019-07-04', 'H', 5),
	(94, '18773', 36, '20191', '2019-07-04', 'H', 5),
	(95, '18774', 36, '20191', '2019-07-04', 'H', 5),
	(96, '18775', 36, '20191', '2019-07-04', 'H', 5),
	(97, '18776', 36, '20191', '2019-07-04', 'H', 5),
	(98, '18777', 36, '20191', '2019-07-04', 'H', 5),
	(99, '18778', 36, '20191', '2019-07-04', 'H', 5),
	(127, '18779', 37, '20191', '2019-07-04', 'H', 5),
	(128, '18780', 37, '20191', '2019-07-04', 'H', 5),
	(129, '18781', 37, '20191', '2019-07-04', 'H', 5),
	(130, '18782', 37, '20191', '2019-07-04', 'H', 5),
	(131, '18783', 37, '20191', '2019-07-04', 'H', 5),
	(132, '18784', 37, '20191', '2019-07-04', 'H', 5),
	(133, '18785', 37, '20191', '2019-07-04', 'H', 5),
	(134, '18786', 37, '20191', '2019-07-04', 'H', 5),
	(135, '18787', 37, '20191', '2019-07-04', 'H', 5),
	(136, '18788', 37, '20191', '2019-07-04', 'H', 5),
	(137, '18789', 37, '20191', '2019-07-04', 'H', 5),
	(138, '18790', 37, '20191', '2019-07-04', 'H', 5),
	(139, '18791', 37, '20191', '2019-07-04', 'H', 5),
	(140, '18792', 37, '20191', '2019-07-04', 'H', 5),
	(141, '18793', 37, '20191', '2019-07-04', 'H', 5),
	(142, '18794', 37, '20191', '2019-07-04', 'H', 5),
	(143, '18795', 37, '20191', '2019-07-04', 'H', 5),
	(144, '18796', 37, '20191', '2019-07-04', 'H', 5),
	(145, '18797', 37, '20191', '2019-07-04', 'H', 5),
	(146, '18798', 37, '20191', '2019-07-04', 'H', 5),
	(147, '18799', 37, '20191', '2019-07-04', 'H', 5),
	(148, '18800', 37, '20191', '2019-07-04', 'H', 5),
	(149, '18801', 37, '20191', '2019-07-04', 'H', 5),
	(150, '18802', 37, '20191', '2019-07-04', 'H', 5),
	(151, '18803', 37, '20191', '2019-07-04', 'H', 5),
	(152, '18804', 37, '20191', '2019-07-04', 'H', 5),
	(153, '18805', 37, '20191', '2019-07-04', 'H', 5),
	(154, '18806', 37, '20191', '2019-07-04', 'H', 5),
	(155, '18807', 37, '20191', '2019-07-04', 'H', 5),
	(156, '18808', 37, '20191', '2019-07-04', 'H', 5),
	(157, '18809', 37, '20191', '2019-07-04', 'H', 5),
	(158, '18810', 37, '20191', '2019-07-04', 'H', 5),
	(159, '18811', 37, '20191', '2019-07-04', 'H', 5),
	(160, '18812', 37, '20191', '2019-07-04', 'H', 5),
	(161, '18813', 37, '20191', '2019-07-04', 'H', 5),
	(162, '18814', 37, '20191', '2019-07-04', 'H', 5),
	(190, '18943', 38, '20191', '2019-07-04', 'H', 5),
	(191, '18945', 38, '20191', '2019-07-04', 'H', 5),
	(192, '18946', 38, '20191', '2019-07-04', 'H', 5),
	(193, '18947', 38, '20191', '2019-07-04', 'H', 5),
	(194, '18948', 38, '20191', '2019-07-04', 'H', 5),
	(195, '18949', 38, '20191', '2019-07-04', 'H', 5),
	(196, '18950', 38, '20191', '2019-07-04', 'H', 5),
	(197, '18951', 38, '20191', '2019-07-04', 'H', 5),
	(198, '18952', 38, '20191', '2019-07-04', 'H', 5),
	(199, '18953', 38, '20191', '2019-07-04', 'H', 5),
	(200, '18954', 38, '20191', '2019-07-04', 'H', 5),
	(201, '18955', 38, '20191', '2019-07-04', 'H', 5),
	(202, '18956', 38, '20191', '2019-07-04', 'H', 5),
	(203, '18957', 38, '20191', '2019-07-04', 'H', 5),
	(204, '18958', 38, '20191', '2019-07-04', 'H', 5),
	(205, '18959', 38, '20191', '2019-07-04', 'H', 5),
	(206, '18960', 38, '20191', '2019-07-04', 'H', 5),
	(207, '18961', 38, '20191', '2019-07-04', 'H', 5),
	(208, '18962', 38, '20191', '2019-07-04', 'H', 5),
	(209, '18963', 38, '20191', '2019-07-04', 'H', 5),
	(210, '18964', 38, '20191', '2019-07-04', 'H', 5),
	(211, '18965', 38, '20191', '2019-07-04', 'H', 5),
	(212, '18966', 38, '20191', '2019-07-04', 'H', 5),
	(213, '18967', 38, '20191', '2019-07-04', 'H', 5),
	(214, '18968', 38, '20191', '2019-07-04', 'H', 5),
	(215, '18969', 38, '20191', '2019-07-04', 'H', 5),
	(216, '18970', 38, '20191', '2019-07-04', 'H', 5),
	(217, '18971', 38, '20191', '2019-07-04', 'H', 5),
	(218, '18972', 38, '20191', '2019-07-04', 'H', 5),
	(219, '18973', 38, '20191', '2019-07-04', 'H', 5),
	(220, '18974', 38, '20191', '2019-07-04', 'H', 5),
	(221, '18975', 38, '20191', '2019-07-04', 'H', 5),
	(222, '18976', 38, '20191', '2019-07-04', 'H', 5),
	(223, '18977', 38, '20191', '2019-07-04', 'H', 5),
	(224, '18978', 38, '20191', '2019-07-04', 'H', 5),
	(253, '18116', 18, '20191', '2019-07-04', 'H', 5),
	(254, '18117', 18, '20191', '2019-07-04', 'H', 5),
	(255, '18118', 18, '20191', '2019-07-04', 'H', 5),
	(256, '18119', 18, '20191', '2019-07-04', 'H', 5),
	(257, '18120', 18, '20191', '2019-07-04', 'H', 5),
	(258, '18121', 18, '20191', '2019-07-04', 'H', 5),
	(259, '18122', 18, '20191', '2019-07-04', 'H', 5),
	(260, '18123', 18, '20191', '2019-07-04', 'H', 5),
	(261, '18124', 18, '20191', '2019-07-04', 'H', 5),
	(262, '18125', 18, '20191', '2019-07-04', 'H', 5),
	(263, '18126', 18, '20191', '2019-07-04', 'H', 5),
	(264, '18127', 18, '20191', '2019-07-04', 'H', 5),
	(265, '18128', 18, '20191', '2019-07-04', 'H', 5),
	(266, '18129', 18, '20191', '2019-07-04', 'H', 5),
	(267, '18130', 18, '20191', '2019-07-04', 'H', 5),
	(268, '18131', 18, '20191', '2019-07-04', 'H', 5),
	(269, '18132', 18, '20191', '2019-07-04', 'H', 5),
	(270, '18133', 18, '20191', '2019-07-04', 'H', 5),
	(271, '18135', 18, '20191', '2019-07-04', 'H', 5),
	(272, '18136', 18, '20191', '2019-07-04', 'H', 5),
	(273, '18137', 18, '20191', '2019-07-04', 'H', 5),
	(274, '18138', 18, '20191', '2019-07-04', 'H', 5),
	(275, '18139', 18, '20191', '2019-07-04', 'H', 5),
	(276, '18140', 18, '20191', '2019-07-04', 'H', 5),
	(277, '18141', 18, '20191', '2019-07-04', 'H', 5),
	(278, '18142', 18, '20191', '2019-07-04', 'H', 5),
	(279, '18143', 18, '20191', '2019-07-04', 'H', 5),
	(280, '18144', 18, '20191', '2019-07-04', 'H', 5),
	(281, '18145', 18, '20191', '2019-07-04', 'H', 5),
	(282, '18146', 18, '20191', '2019-07-04', 'H', 5),
	(283, '18147', 18, '20191', '2019-07-04', 'H', 5),
	(284, '18148', 18, '20191', '2019-07-04', 'H', 5),
	(285, '18149', 18, '20191', '2019-07-04', 'H', 5),
	(316, '18150', 19, '20191', '2019-07-04', 'H', 5),
	(317, '18151', 19, '20191', '2019-07-04', 'H', 5),
	(318, '18152', 19, '20191', '2019-07-04', 'H', 5),
	(319, '18153', 19, '20191', '2019-07-04', 'H', 5),
	(320, '18154', 19, '20191', '2019-07-04', 'H', 5),
	(321, '18155', 19, '20191', '2019-07-04', 'H', 5),
	(322, '18156', 19, '20191', '2019-07-04', 'H', 5),
	(323, '18157', 19, '20191', '2019-07-04', 'H', 5),
	(324, '18158', 19, '20191', '2019-07-04', 'H', 5),
	(325, '18159', 19, '20191', '2019-07-04', 'H', 5),
	(326, '18160', 19, '20191', '2019-07-04', 'H', 5),
	(327, '18161', 19, '20191', '2019-07-04', 'H', 5),
	(328, '18162', 19, '20191', '2019-07-04', 'H', 5),
	(329, '18163', 19, '20191', '2019-07-04', 'H', 5),
	(330, '18164', 19, '20191', '2019-07-04', 'H', 5),
	(331, '18165', 19, '20191', '2019-07-04', 'H', 5),
	(332, '18166', 19, '20191', '2019-07-04', 'H', 5),
	(333, '18167', 19, '20191', '2019-07-04', 'H', 5),
	(334, '18168', 19, '20191', '2019-07-04', 'H', 5),
	(335, '18169', 19, '20191', '2019-07-04', 'H', 5),
	(336, '18170', 19, '20191', '2019-07-04', 'H', 5),
	(337, '18171', 19, '20191', '2019-07-04', 'H', 5),
	(338, '18172', 19, '20191', '2019-07-04', 'H', 5),
	(339, '18173', 19, '20191', '2019-07-04', 'H', 5),
	(340, '18174', 19, '20191', '2019-07-04', 'H', 5),
	(341, '18175', 19, '20191', '2019-07-04', 'H', 5),
	(342, '18176', 19, '20191', '2019-07-04', 'H', 5),
	(343, '18177', 19, '20191', '2019-07-04', 'H', 5),
	(344, '18178', 19, '20191', '2019-07-04', 'H', 5),
	(345, '18179', 19, '20191', '2019-07-04', 'H', 5),
	(346, '18180', 19, '20191', '2019-07-04', 'H', 5),
	(347, '18182', 19, '20191', '2019-07-04', 'H', 5),
	(348, '18183', 19, '20191', '2019-07-04', 'H', 5),
	(379, '18184', 20, '20191', '2019-07-04', 'H', 5),
	(380, '18185', 20, '20191', '2019-07-04', 'H', 5),
	(381, '18186', 20, '20191', '2019-07-04', 'H', 5),
	(382, '18187', 20, '20191', '2019-07-04', 'H', 5),
	(383, '18188', 20, '20191', '2019-07-04', 'H', 5),
	(384, '18189', 20, '20191', '2019-07-04', 'H', 5),
	(385, '18190', 20, '20191', '2019-07-04', 'H', 5),
	(386, '18191', 20, '20191', '2019-07-04', 'H', 5),
	(387, '18192', 20, '20191', '2019-07-04', 'H', 5),
	(388, '18193', 20, '20191', '2019-07-04', 'H', 5),
	(389, '18194', 20, '20191', '2019-07-04', 'H', 5),
	(390, '18195', 20, '20191', '2019-07-04', 'H', 5),
	(391, '18196', 20, '20191', '2019-07-04', 'H', 5),
	(392, '18197', 20, '20191', '2019-07-04', 'H', 5),
	(393, '18198', 20, '20191', '2019-07-04', 'H', 5),
	(394, '18199', 20, '20191', '2019-07-04', 'H', 5),
	(395, '18200', 20, '20191', '2019-07-04', 'H', 5),
	(396, '18201', 20, '20191', '2019-07-04', 'H', 5),
	(397, '18202', 20, '20191', '2019-07-04', 'H', 5),
	(398, '18203', 20, '20191', '2019-07-04', 'H', 5),
	(399, '18204', 20, '20191', '2019-07-04', 'H', 5),
	(400, '18205', 20, '20191', '2019-07-04', 'H', 5),
	(401, '18206', 20, '20191', '2019-07-04', 'H', 5),
	(402, '18207', 20, '20191', '2019-07-04', 'H', 5),
	(403, '18208', 20, '20191', '2019-07-04', 'H', 5),
	(404, '18209', 20, '20191', '2019-07-04', 'H', 5),
	(405, '18210', 20, '20191', '2019-07-04', 'H', 5),
	(406, '18211', 20, '20191', '2019-07-04', 'H', 5),
	(407, '18212', 20, '20191', '2019-07-04', 'H', 5),
	(408, '18214', 20, '20191', '2019-07-04', 'H', 5),
	(409, '18215', 20, '20191', '2019-07-04', 'H', 5),
	(410, '18216', 20, '20191', '2019-07-04', 'H', 5),
	(442, '18217', 21, '20191', '2019-07-04', 'H', 5),
	(443, '18218', 21, '20191', '2019-07-04', 'H', 5),
	(444, '18219', 21, '20191', '2019-07-04', 'H', 5),
	(445, '18220', 21, '20191', '2019-07-04', 'H', 5),
	(446, '18221', 21, '20191', '2019-07-04', 'H', 5),
	(447, '18222', 21, '20191', '2019-07-04', 'H', 5),
	(448, '18223', 21, '20191', '2019-07-04', 'H', 5),
	(449, '18224', 21, '20191', '2019-07-04', 'H', 5),
	(450, '18225', 21, '20191', '2019-07-04', 'H', 5),
	(451, '18226', 21, '20191', '2019-07-04', 'H', 5),
	(452, '18227', 21, '20191', '2019-07-04', 'H', 5),
	(453, '18228', 21, '20191', '2019-07-04', 'H', 5),
	(454, '18229', 21, '20191', '2019-07-04', 'H', 5),
	(455, '18230', 21, '20191', '2019-07-04', 'H', 5),
	(456, '18231', 21, '20191', '2019-07-04', 'H', 5),
	(457, '18232', 21, '20191', '2019-07-04', 'H', 5),
	(458, '18235', 21, '20191', '2019-07-04', 'H', 5),
	(459, '18236', 21, '20191', '2019-07-04', 'H', 5),
	(460, '18237', 21, '20191', '2019-07-04', 'H', 5),
	(461, '18238', 21, '20191', '2019-07-04', 'H', 5),
	(462, '18239', 21, '20191', '2019-07-04', 'H', 5),
	(463, '18240', 21, '20191', '2019-07-04', 'H', 5),
	(464, '18241', 21, '20191', '2019-07-04', 'H', 5),
	(465, '18242', 21, '20191', '2019-07-04', 'H', 5),
	(466, '18243', 21, '20191', '2019-07-04', 'H', 5),
	(467, '18244', 21, '20191', '2019-07-04', 'H', 5),
	(468, '18245', 21, '20191', '2019-07-04', 'H', 5),
	(469, '18246', 21, '20191', '2019-07-04', 'H', 5),
	(470, '18247', 21, '20191', '2019-07-04', 'H', 5),
	(471, '18248', 21, '20191', '2019-07-04', 'H', 5),
	(472, '18249', 21, '20191', '2019-07-04', 'H', 5),
	(473, '18250', 21, '20191', '2019-07-04', 'H', 5),
	(474, '18251', 21, '20191', '2019-07-04', 'H', 5),
	(505, '17539', 1, '20191', '2019-07-04', 'H', 5),
	(506, '17540', 1, '20191', '2019-07-04', 'H', 5),
	(507, '17541', 1, '20191', '2019-07-04', 'H', 5),
	(508, '17542', 1, '20191', '2019-07-04', 'H', 5),
	(509, '17543', 1, '20191', '2019-07-04', 'H', 5),
	(510, '17544', 1, '20191', '2019-07-04', 'H', 5),
	(511, '17546', 1, '20191', '2019-07-04', 'H', 5),
	(512, '17547', 1, '20191', '2019-07-04', 'H', 5),
	(513, '17548', 1, '20191', '2019-07-04', 'H', 5),
	(514, '17549', 1, '20191', '2019-07-04', 'H', 5),
	(515, '17550', 1, '20191', '2019-07-04', 'H', 5),
	(516, '17551', 1, '20191', '2019-07-04', 'H', 5),
	(517, '17552', 1, '20191', '2019-07-04', 'H', 5),
	(518, '17553', 1, '20191', '2019-07-04', 'H', 5),
	(519, '17554', 1, '20191', '2019-07-04', 'H', 5),
	(520, '17555', 1, '20191', '2019-07-04', 'H', 5),
	(521, '17556', 1, '20191', '2019-07-04', 'H', 5),
	(522, '17557', 1, '20191', '2019-07-04', 'H', 5),
	(523, '17558', 1, '20191', '2019-07-04', 'H', 5),
	(524, '17559', 1, '20191', '2019-07-04', 'H', 5),
	(525, '17560', 1, '20191', '2019-07-04', 'H', 5),
	(526, '17561', 1, '20191', '2019-07-04', 'H', 5),
	(527, '17562', 1, '20191', '2019-07-04', 'H', 5),
	(528, '17563', 1, '20191', '2019-07-04', 'H', 5),
	(529, '17564', 1, '20191', '2019-07-04', 'H', 5),
	(530, '17566', 1, '20191', '2019-07-04', 'H', 5),
	(531, '17567', 1, '20191', '2019-07-04', 'H', 5),
	(532, '17568', 1, '20191', '2019-07-04', 'H', 5),
	(533, '17569', 1, '20191', '2019-07-04', 'H', 5),
	(536, '17572', 2, '20191', '2019-07-04', 'H', 5),
	(537, '17573', 2, '20191', '2019-07-04', 'H', 5),
	(538, '17574', 2, '20191', '2019-07-04', 'H', 5),
	(539, '17575', 2, '20191', '2019-07-04', 'H', 5),
	(540, '17576', 2, '20191', '2019-07-04', 'H', 5),
	(541, '17577', 2, '20191', '2019-07-04', 'H', 5),
	(542, '17578', 2, '20191', '2019-07-04', 'H', 5),
	(543, '17579', 2, '20191', '2019-07-04', 'H', 5),
	(544, '17580', 2, '20191', '2019-07-04', 'H', 5),
	(545, '17581', 2, '20191', '2019-07-04', 'H', 5),
	(546, '17582', 2, '20191', '2019-07-04', 'H', 5),
	(547, '17583', 2, '20191', '2019-07-04', 'H', 5),
	(548, '17584', 2, '20191', '2019-07-04', 'H', 5),
	(549, '17585', 2, '20191', '2019-07-04', 'H', 5),
	(550, '17587', 2, '20191', '2019-07-04', 'H', 5),
	(551, '17588', 2, '20191', '2019-07-04', 'H', 5),
	(552, '17589', 2, '20191', '2019-07-04', 'H', 5),
	(553, '17590', 2, '20191', '2019-07-04', 'H', 5),
	(554, '17591', 2, '20191', '2019-07-04', 'H', 5),
	(555, '17592', 2, '20191', '2019-07-04', 'H', 5),
	(556, '17593', 2, '20191', '2019-07-04', 'H', 5),
	(557, '17594', 2, '20191', '2019-07-04', 'H', 5),
	(558, '17595', 2, '20191', '2019-07-04', 'H', 5),
	(559, '17596', 2, '20191', '2019-07-04', 'H', 5),
	(560, '17597', 2, '20191', '2019-07-04', 'H', 5),
	(561, '17598', 2, '20191', '2019-07-04', 'H', 5),
	(562, '17599', 2, '20191', '2019-07-04', 'H', 5),
	(563, '17600', 2, '20191', '2019-07-04', 'H', 5),
	(564, '17601', 2, '20191', '2019-07-04', 'H', 5),
	(565, '17602', 2, '20191', '2019-07-04', 'H', 5),
	(566, '17603', 2, '20191', '2019-07-04', 'H', 5),
	(567, '17654', 2, '20191', '2019-07-04', 'H', 5),
	(599, '17605', 3, '20191', '2019-07-04', 'H', 5),
	(600, '17606', 3, '20191', '2019-07-04', 'H', 5),
	(601, '17607', 3, '20191', '2019-07-04', 'H', 5),
	(602, '17608', 3, '20191', '2019-07-04', 'H', 5),
	(603, '17609', 3, '20191', '2019-07-04', 'H', 5),
	(604, '17610', 3, '20191', '2019-07-04', 'H', 5),
	(605, '17611', 3, '20191', '2019-07-04', 'H', 5),
	(606, '17613', 3, '20191', '2019-07-04', 'H', 5),
	(607, '17614', 3, '20191', '2019-07-04', 'H', 5),
	(608, '17615', 3, '20191', '2019-07-04', 'H', 5),
	(609, '17616', 3, '20191', '2019-07-04', 'H', 5),
	(610, '17617', 3, '20191', '2019-07-04', 'H', 5),
	(611, '17618', 3, '20191', '2019-07-04', 'H', 5),
	(612, '17619', 3, '20191', '2019-07-04', 'H', 5),
	(613, '17620', 3, '20191', '2019-07-04', 'H', 5),
	(614, '17621', 3, '20191', '2019-07-04', 'H', 5),
	(615, '17623', 3, '20191', '2019-07-04', 'H', 5),
	(616, '17624', 3, '20191', '2019-07-04', 'H', 5),
	(617, '17625', 3, '20191', '2019-07-04', 'H', 5),
	(618, '17626', 3, '20191', '2019-07-04', 'H', 5),
	(619, '17627', 3, '20191', '2019-07-04', 'H', 5),
	(620, '17629', 3, '20191', '2019-07-04', 'H', 5),
	(621, '17630', 3, '20191', '2019-07-04', 'H', 5),
	(622, '17631', 3, '20191', '2019-07-04', 'H', 5),
	(623, '17632', 3, '20191', '2019-07-04', 'H', 5),
	(624, '17633', 3, '20191', '2019-07-04', 'H', 5),
	(625, '17634', 3, '20191', '2019-07-04', 'H', 5),
	(626, '17635', 3, '20191', '2019-07-04', 'H', 5),
	(630, '17636', 4, '20191', '2019-07-04', 'H', 5),
	(631, '17637', 4, '20191', '2019-07-04', 'H', 5),
	(632, '17638', 4, '20191', '2019-07-04', 'H', 5),
	(633, '17639', 4, '20191', '2019-07-04', 'H', 5),
	(634, '17640', 4, '20191', '2019-07-04', 'H', 5),
	(635, '17641', 4, '20191', '2019-07-04', 'H', 5),
	(636, '17642', 4, '20191', '2019-07-04', 'H', 5),
	(637, '17643', 4, '20191', '2019-07-04', 'H', 5),
	(638, '17644', 4, '20191', '2019-07-04', 'H', 5),
	(639, '17645', 4, '20191', '2019-07-04', 'H', 5),
	(640, '17646', 4, '20191', '2019-07-04', 'H', 5),
	(641, '17647', 4, '20191', '2019-07-04', 'H', 5),
	(642, '17648', 4, '20191', '2019-07-04', 'H', 5),
	(643, '17649', 4, '20191', '2019-07-04', 'H', 5),
	(644, '17651', 4, '20191', '2019-07-04', 'H', 5),
	(645, '17652', 4, '20191', '2019-07-04', 'H', 5),
	(646, '17655', 4, '20191', '2019-07-04', 'H', 5),
	(647, '17657', 4, '20191', '2019-07-04', 'H', 5),
	(648, '17658', 4, '20191', '2019-07-04', 'H', 5),
	(649, '17659', 4, '20191', '2019-07-04', 'H', 5),
	(650, '17660', 4, '20191', '2019-07-04', 'H', 5),
	(651, '17661', 4, '20191', '2019-07-04', 'H', 5),
	(652, '17662', 4, '20191', '2019-07-04', 'H', 5),
	(653, '17663', 4, '20191', '2019-07-04', 'H', 5),
	(654, '17664', 4, '20191', '2019-07-04', 'H', 5),
	(655, '17665', 4, '20191', '2019-07-04', 'H', 5),
	(656, '17666', 4, '20191', '2019-07-04', 'H', 5),
	(657, '18708', 35, '20191', '2019-07-09', 'H', 1),
	(658, '18709', 35, '20191', '2019-07-09', 'H', 1),
	(659, '18710', 35, '20191', '2019-07-09', 'H', 1),
	(660, '18711', 35, '20191', '2019-07-09', 'H', 1),
	(661, '18712', 35, '20191', '2019-07-09', 'H', 1),
	(662, '18713', 35, '20191', '2019-07-09', 'H', 1),
	(663, '18714', 35, '20191', '2019-07-09', 'H', 1),
	(664, '18715', 35, '20191', '2019-07-09', 'H', 1),
	(665, '18716', 35, '20191', '2019-07-09', 'H', 1),
	(666, '18717', 35, '20191', '2019-07-09', 'H', 1),
	(667, '18718', 35, '20191', '2019-07-09', 'H', 1),
	(668, '18719', 35, '20191', '2019-07-09', 'H', 1),
	(669, '18720', 35, '20191', '2019-07-09', 'H', 1),
	(670, '18721', 35, '20191', '2019-07-09', 'H', 1),
	(671, '18722', 35, '20191', '2019-07-09', 'H', 1),
	(672, '18723', 35, '20191', '2019-07-09', 'H', 1),
	(673, '18724', 35, '20191', '2019-07-09', 'H', 1),
	(674, '18725', 35, '20191', '2019-07-09', 'H', 1),
	(675, '18726', 35, '20191', '2019-07-09', 'H', 1),
	(676, '18727', 35, '20191', '2019-07-09', 'H', 1),
	(677, '18728', 35, '20191', '2019-07-09', 'H', 1),
	(678, '18729', 35, '20191', '2019-07-09', 'H', 1),
	(679, '18730', 35, '20191', '2019-07-09', 'H', 1),
	(680, '18731', 35, '20191', '2019-07-09', 'H', 1),
	(681, '18732', 35, '20191', '2019-07-09', 'H', 1),
	(682, '18733', 35, '20191', '2019-07-09', 'H', 1),
	(683, '18734', 35, '20191', '2019-07-09', 'H', 1),
	(684, '18735', 35, '20191', '2019-07-09', 'H', 1),
	(685, '18736', 35, '20191', '2019-07-09', 'H', 1),
	(686, '18737', 35, '20191', '2019-07-09', 'H', 1),
	(687, '18738', 35, '20191', '2019-07-09', 'H', 1),
	(688, '18739', 35, '20191', '2019-07-09', 'H', 1),
	(689, '18740', 35, '20191', '2019-07-09', 'H', 1),
	(690, '18741', 35, '20191', '2019-07-09', 'H', 1),
	(691, '18742', 35, '20191', '2019-07-09', 'H', 1),
	(692, '18708', 35, '20191', '2019-07-10', 'H', 1),
	(693, '18709', 35, '20191', '2019-07-10', 'H', 1),
	(694, '18710', 35, '20191', '2019-07-10', 'H', 1),
	(695, '18711', 35, '20191', '2019-07-10', 'H', 1),
	(696, '18712', 35, '20191', '2019-07-10', 'H', 1),
	(697, '18713', 35, '20191', '2019-07-10', 'H', 1),
	(698, '18714', 35, '20191', '2019-07-10', 'H', 1),
	(699, '18715', 35, '20191', '2019-07-10', 'H', 1),
	(700, '18716', 35, '20191', '2019-07-10', 'H', 1),
	(701, '18717', 35, '20191', '2019-07-10', 'H', 1),
	(702, '18718', 35, '20191', '2019-07-10', 'H', 1),
	(703, '18719', 35, '20191', '2019-07-10', 'H', 1),
	(704, '18720', 35, '20191', '2019-07-10', 'H', 1),
	(705, '18721', 35, '20191', '2019-07-10', 'H', 1),
	(706, '18722', 35, '20191', '2019-07-10', 'H', 1),
	(707, '18723', 35, '20191', '2019-07-10', 'H', 1),
	(708, '18724', 35, '20191', '2019-07-10', 'H', 1),
	(709, '18725', 35, '20191', '2019-07-10', 'H', 1),
	(710, '18726', 35, '20191', '2019-07-10', 'H', 1),
	(711, '18727', 35, '20191', '2019-07-10', 'H', 1),
	(712, '18728', 35, '20191', '2019-07-10', 'H', 1),
	(713, '18729', 35, '20191', '2019-07-10', 'H', 1),
	(714, '18730', 35, '20191', '2019-07-10', 'H', 1),
	(715, '18731', 35, '20191', '2019-07-10', 'H', 1),
	(716, '18732', 35, '20191', '2019-07-10', 'H', 1),
	(717, '18733', 35, '20191', '2019-07-10', 'H', 1),
	(718, '18734', 35, '20191', '2019-07-10', 'H', 1),
	(719, '18735', 35, '20191', '2019-07-10', 'H', 1),
	(720, '18736', 35, '20191', '2019-07-10', 'H', 1),
	(721, '18737', 35, '20191', '2019-07-10', 'H', 1),
	(722, '18738', 35, '20191', '2019-07-10', 'H', 1),
	(723, '18739', 35, '20191', '2019-07-10', 'H', 1),
	(724, '18740', 35, '20191', '2019-07-10', 'H', 1),
	(725, '18741', 35, '20191', '2019-07-10', 'H', 1),
	(726, '18742', 35, '20191', '2019-07-10', 'H', 1);
/*!40000 ALTER TABLE `persensi_harian` ENABLE KEYS */;

-- Dumping structure for table absensi_smk.semester
DROP TABLE IF EXISTS `semester`;
CREATE TABLE IF NOT EXISTS `semester` (
  `ID_SEMESTER` int(11) NOT NULL AUTO_INCREMENT,
  `KODE_TAHUN_AJARAN` varchar(4) COLLATE latin1_general_ci NOT NULL,
  `KODE_SEMESTER` varchar(5) COLLATE latin1_general_ci NOT NULL DEFAULT '',
  `NAMA_SEMESTER` varchar(100) COLLATE latin1_general_ci NOT NULL DEFAULT '',
  PRIMARY KEY (`ID_SEMESTER`),
  UNIQUE KEY `KODE_SEMESTER` (`KODE_SEMESTER`),
  KEY `FK_semester_tahun_ajaran` (`KODE_TAHUN_AJARAN`),
  CONSTRAINT `FK_semester_tahun_ajaran` FOREIGN KEY (`KODE_TAHUN_AJARAN`) REFERENCES `tahun_ajaran` (`KODE_TAHUN_AJARAN`) ON DELETE NO ACTION ON UPDATE NO ACTION
) ENGINE=InnoDB AUTO_INCREMENT=8 DEFAULT CHARSET=latin1 COLLATE=latin1_general_ci;

-- Dumping data for table absensi_smk.semester: ~7 rows (approximately)
DELETE FROM `semester`;
/*!40000 ALTER TABLE `semester` DISABLE KEYS */;
INSERT INTO `semester` (`ID_SEMESTER`, `KODE_TAHUN_AJARAN`, `KODE_SEMESTER`, `NAMA_SEMESTER`) VALUES
	(1, '2016', '20161', 'Semester Gasal 2016/2017'),
	(2, '2016', '20162', 'Semester Genap 2016/2017'),
	(3, '2017', '20171', 'Semester Gasal 2017/2018'),
	(4, '2017', '20172', 'Semester Genap 2017/2018'),
	(5, '2018', '20181', 'Semester Gasal 2018/2019'),
	(6, '2018', '20182', 'Semester Genap 2018/2019'),
	(7, '2019', '20191', 'Semester Gasal 2019/2020');
/*!40000 ALTER TABLE `semester` ENABLE KEYS */;

-- Dumping structure for table absensi_smk.siswa
DROP TABLE IF EXISTS `siswa`;
CREATE TABLE IF NOT EXISTS `siswa` (
  `ID_SISWA` int(11) NOT NULL AUTO_INCREMENT,
  `NIS` varchar(20) COLLATE latin1_general_ci NOT NULL,
  `NIN` varchar(30) COLLATE latin1_general_ci DEFAULT NULL,
  `NAMA_SISWA` varchar(256) COLLATE latin1_general_ci DEFAULT '',
  `JK` enum('L','P') COLLATE latin1_general_ci DEFAULT 'L',
  `KELAS` int(11) DEFAULT NULL,
  `STATUS_SISWA` enum('A','T') COLLATE latin1_general_ci DEFAULT 'A',
  `ALAMAT` text COLLATE latin1_general_ci,
  `KETERANGAN` text COLLATE latin1_general_ci,
  PRIMARY KEY (`ID_SISWA`),
  UNIQUE KEY `NIS` (`NIS`),
  KEY `FK_siswa_kelas` (`KELAS`),
  CONSTRAINT `FK_siswa_kelas` FOREIGN KEY (`KELAS`) REFERENCES `kelas` (`ID_KELAS`) ON DELETE NO ACTION ON UPDATE NO ACTION
) ENGINE=InnoDB AUTO_INCREMENT=1545 DEFAULT CHARSET=latin1 COLLATE=latin1_general_ci;

-- Dumping data for table absensi_smk.siswa: ~1,539 rows (approximately)
DELETE FROM `siswa`;
/*!40000 ALTER TABLE `siswa` DISABLE KEYS */;
INSERT INTO `siswa` (`ID_SISWA`, `NIS`, `NIN`, `NAMA_SISWA`, `JK`, `KELAS`, `STATUS_SISWA`, `ALAMAT`, `KETERANGAN`) VALUES
	(3, '17539', '0000153097', 'ANTENG SULISTIYANINGSIH', 'P', 1, 'A', NULL, NULL),
	(4, '17540', '0010534541', 'DANI AGUS SETIYAWAN', 'L', 1, 'A', NULL, NULL),
	(5, '17541', '0012150800', 'EKA EFIYANA', 'P', 1, 'A', NULL, NULL),
	(6, '17542', '0015675539', 'FAREL RIANDI', 'L', 1, 'A', NULL, NULL),
	(7, '17543', '0010859768', 'HERLINA NIRMALA SARI', 'P', 1, 'A', NULL, NULL),
	(8, '17544', '0011630486', 'INTAN APRILIA', 'P', 1, 'A', NULL, NULL),
	(9, '17546', '0003773571', 'KHUSNUL KOTIFAH', 'P', 1, 'A', NULL, NULL),
	(10, '17547', '0010953815', 'LIANAWATI', 'P', 1, 'A', NULL, NULL),
	(11, '17548', '0010776727', 'LINA NURMALITA', 'P', 1, 'A', NULL, NULL),
	(12, '17549', '0010954236', 'MAULIDA KURNIA WATI', 'P', 1, 'A', NULL, NULL),
	(13, '17550', '0013500646', 'NUR CHASANAH', 'P', 1, 'A', NULL, NULL),
	(14, '17551', '0002098215', 'NUR SARPINAH', 'P', 1, 'A', NULL, NULL),
	(15, '17552', '0003772649', 'NURLAILA JANNATI', 'P', 1, 'A', NULL, NULL),
	(16, '17553', '0010776934', 'NURUL MAKRIFAH', 'P', 1, 'A', NULL, NULL),
	(17, '17554', '0010857537', 'PUTRI KUSUMO DEWI', 'P', 1, 'A', NULL, NULL),
	(18, '17555', '0010776201', 'RATNA YUNIKHASANDRI', 'P', 1, 'A', NULL, NULL),
	(19, '17556', '0014580278', 'RAVIANI WORO UTARI', 'P', 1, 'A', NULL, NULL),
	(20, '17557', '0012274860', 'RINA FITRI CAHYANI', 'P', 1, 'A', NULL, NULL),
	(21, '17558', '0010125412', 'RINI ANDIANI', 'P', 1, 'A', NULL, NULL),
	(22, '17559', '0020131541', 'RINI SUKASIH', 'P', 1, 'A', NULL, NULL),
	(23, '17560', '0013232960', 'RISMA BELA HASTARI', 'P', 1, 'A', NULL, NULL),
	(24, '17561', '0010593566', 'SEPTIA FANI PUSPITA NINGRUM', 'P', 1, 'A', NULL, NULL),
	(25, '17562', '0013875848', 'SETYANINGSIH DWI WIGIYANTI', 'P', 1, 'A', NULL, NULL),
	(26, '17563', '0011655670', 'SINTA ARDIYANI', 'P', 1, 'A', NULL, NULL),
	(27, '17564', '0004138800', 'SITI MAKRIFATUS SOLIHAH', 'P', 1, 'A', NULL, NULL),
	(28, '17566', '9940112137', 'VENI SINTIAMADI', 'P', 1, 'A', NULL, NULL),
	(29, '17567', '0003198593', 'WASHILATUR ROKHMAH', 'P', 1, 'A', NULL, NULL),
	(30, '17568', '0011654765', 'YULI NURMALA', 'P', 1, 'A', NULL, NULL),
	(31, '17569', '0014354219', 'ZAKIA MASHUBAH', 'P', 1, 'A', NULL, NULL),
	(32, '17572', '0020058802', 'ANISA RAHMITA', 'P', 2, 'A', NULL, NULL),
	(33, '17573', '0005095177', 'AYUNDA ALICIA', 'P', 2, 'A', NULL, NULL),
	(34, '17574', '0020071629', 'DEFHI SELLAWATI', 'P', 2, 'A', NULL, NULL),
	(35, '17575', '0005217612', 'DESI FITRIANINGRUM', 'P', 2, 'A', NULL, NULL),
	(36, '17576', '0012098716', 'DEVI INDAH SAFITRI', 'P', 2, 'A', NULL, NULL),
	(37, '17577', '0005230148', 'EFA WIDIYA WATI', 'P', 2, 'A', NULL, NULL),
	(38, '17578', '0011590753', 'ERNA SULISTYOWATI', 'P', 2, 'A', NULL, NULL),
	(39, '17579', '0012191607', 'EVA DAMAYANTI ', 'P', 2, 'A', NULL, NULL),
	(40, '17580', '0005319109', 'FEBRIYANI EKA SAPUTRI', 'P', 2, 'A', NULL, NULL),
	(41, '17581', '0019201009', 'HESTI TAKHBHIRATUL UDHIAH', 'P', 2, 'A', NULL, NULL),
	(42, '17582', '0012825437', 'INDAH FEBRIYANI', 'P', 2, 'A', NULL, NULL),
	(43, '17583', '0005230152', 'INGGIT SIWI SRI REJEKI', 'P', 2, 'A', NULL, NULL),
	(44, '17584', '0003772645', 'KRISTIN DWI SAFITRI', 'P', 2, 'A', NULL, NULL),
	(45, '17585', '0013851801', 'MARFUATUN', 'P', 2, 'A', NULL, NULL),
	(46, '17587', '0005212587', 'NYI ENDANG UPIT SARIMANAH', 'P', 2, 'A', NULL, NULL),
	(47, '17588', '0011594319', 'PUSPITA HANDAYANI', 'P', 2, 'A', NULL, NULL),
	(48, '17589', '0003914679', 'PUTRI WULAN SARI', 'P', 2, 'A', NULL, NULL),
	(49, '17590', '9996454902', 'REDINA AGUSTIN', 'P', 2, 'A', NULL, NULL),
	(50, '17591', '0010859352', 'RETNO WIDIRAHAYU', 'P', 2, 'A', NULL, NULL),
	(51, '17592', '0004079681', 'ROSYIDA ISTIQOMAH', 'P', 2, 'A', NULL, NULL),
	(52, '17593', '0011514462', 'SAGITA BERLIANA SAFITRI', 'P', 2, 'A', NULL, NULL),
	(53, '17594', '0012191781', 'SERA ARNENGTYAS', 'P', 2, 'A', NULL, NULL),
	(54, '17595', '0011577010', 'SITI MAHMUDAH', 'P', 2, 'A', NULL, NULL),
	(55, '17596', '0010777070', 'SITI SOLEHA', 'P', 2, 'A', NULL, NULL),
	(56, '17597', '0011655673', 'SRI YULIANTI', 'P', 2, 'A', NULL, NULL),
	(57, '17598', '0015679014', 'TEGUH WIJI HANDAYANI', 'P', 2, 'A', NULL, NULL),
	(58, '17599', '0011594331', 'TRI NOVITA SARI', 'P', 2, 'A', NULL, NULL),
	(59, '17600', '0003911122', 'WAHYUNI SETYAWATI', 'P', 2, 'A', NULL, NULL),
	(60, '17601', '0011513990', 'YULI FITRIYANA', 'P', 2, 'A', NULL, NULL),
	(61, '17602', '0010954238', 'YUNI ERVIANA', 'P', 2, 'A', NULL, NULL),
	(62, '17603', '0010777480', 'ZUBAIDAH UMMI NUR FAIZAH', 'P', 2, 'A', NULL, NULL),
	(63, '17605', '0010859633', 'ANISA KHAERANI', 'P', 3, 'A', NULL, NULL),
	(64, '17606', '0010857605', 'ANNA KUSUMANINGRUM', 'P', 3, 'A', NULL, NULL),
	(65, '17607', '9995337038', 'DEFI SEPTIANA DWI LESTARI', 'P', 3, 'A', NULL, NULL),
	(66, '17608', '0006111108', 'DESI SAPUTRI ', 'P', 3, 'A', NULL, NULL),
	(67, '17609', '0011590666', 'DEWI MURTI', 'P', 3, 'A', NULL, NULL),
	(68, '17610', '9985119129', 'DWI OKTAVIANI', 'P', 3, 'A', NULL, NULL),
	(69, '17611', '0006110820', 'EKA ARI SUWANI', 'P', 3, 'A', NULL, NULL),
	(70, '17612', '0004079736', 'ENDAH TAUFIK', '', 3, 'T', NULL, 'Keluar Permintaan Orang Tua 27 Nopember 2018'),
	(71, '17613', '9994357525', 'ERNA SUPARTINI', 'P', 3, 'A', NULL, NULL),
	(72, '17614', '0012150822', 'EVI SULASTRI', 'P', 3, 'A', NULL, NULL),
	(73, '17615', '0012237742', 'FERIY RAHAYU', 'P', 3, 'A', NULL, NULL),
	(74, '17616', '0011512444', 'IKA NURUL ALFIFATUS SA\'IDAH', 'P', 3, 'A', NULL, NULL),
	(75, '17617', '0005212583', 'INDAH MAGHFIROH', 'P', 3, 'A', NULL, NULL),
	(76, '17618', '0005212567', 'JUWARNI', 'P', 3, 'A', NULL, NULL),
	(77, '17619', '0011456329', 'LINDA PRASASTI', 'P', 3, 'A', NULL, NULL),
	(78, '17620', '0003771509', 'MISSIN RISYANA', 'P', 3, 'A', NULL, NULL),
	(79, '17621', '0011512260', 'MUSYAROFAH', 'P', 3, 'A', NULL, NULL),
	(80, '17623', '0010978413', 'RENTI YUTIWA', 'P', 3, 'A', NULL, NULL),
	(81, '17624', '0013972476', 'RINTI NINGSIH', 'P', 3, 'A', NULL, NULL),
	(82, '17625', '0011590663', 'RIYANA AGENG PRAYOGI', 'P', 3, 'A', NULL, NULL),
	(83, '17626', '0011711405', 'SEKAR ARUM AMBARWATI', 'P', 3, 'A', NULL, NULL),
	(84, '17627', '0005319117', 'SINTA RUSPITA DEWI', 'P', 3, 'A', NULL, NULL),
	(85, '17629', '0010979652', 'SOVI WULANDARI', 'P', 3, 'A', NULL, NULL),
	(86, '17630', '0004090050', 'SUPRAPTI', 'P', 3, 'A', NULL, NULL),
	(87, '17631', '0010856987', 'TIDAR BEKTI MAHANI', 'P', 3, 'A', NULL, NULL),
	(88, '17632', '0004291258', 'WIDYA MELIYANI', 'P', 3, 'A', NULL, NULL),
	(89, '17633', '9991129276', 'YESSI KRISTIANA', 'P', 3, 'A', NULL, NULL),
	(90, '17634', '0010954329', 'YULIA ARLINASARI', 'P', 3, 'A', NULL, NULL),
	(91, '17635', '0010953551', 'ZAHRA ANISA PUTRI', 'P', 3, 'A', NULL, NULL),
	(92, '17636', '0010777595', 'AMARA ROSELIA DAMAYANTI', 'P', 4, 'A', NULL, NULL),
	(93, '17637', '0010859764', 'ANISA LUTFIANA', 'P', 4, 'A', NULL, NULL),
	(94, '17638', '0011619288', 'APRILIAWATI', 'P', 4, 'A', NULL, NULL),
	(95, '17639', '0003773562', 'BUDI HANDAYANI', 'P', 4, 'A', NULL, NULL),
	(96, '17640', '0011711424', 'DESI FITRIANA PUSPITA SARI', 'P', 4, 'A', NULL, NULL),
	(97, '17641', '0013270746', 'DEVANI SYAFITRI', 'P', 4, 'A', NULL, NULL),
	(98, '17642', '0010773801', 'DWI LARASWATI', 'P', 4, 'A', NULL, NULL),
	(99, '17643', '0016485534', 'ENDAH KHOIRUL MUNIFAH', 'P', 4, 'A', NULL, NULL),
	(100, '17644', '0005212297', 'ETRI PAMUNGKAS', 'P', 4, 'A', NULL, NULL),
	(101, '17645', '0012209094', 'FAJAR FATURRAHMAN', 'L', 4, 'A', NULL, NULL),
	(102, '17646', '0003910744', 'FIFI NOFITASARI', 'P', 4, 'A', NULL, NULL),
	(103, '17647', '0010955074', 'IMAWATI', 'P', 4, 'A', NULL, NULL),
	(104, '17648', '0010955252', 'INGE ROSA VITANIA', 'P', 4, 'A', NULL, NULL),
	(105, '17649', '0010979657', 'KHORIAH NUR AKROMA', 'P', 4, 'A', NULL, NULL),
	(106, '17651', '0011266621', 'MITA ARIYANI', 'P', 4, 'A', NULL, NULL),
	(107, '17652', '0010534552', 'NABILA ARISTA NINGRUM', 'P', 4, 'A', NULL, NULL),
	(108, '17654', '', 'NOVI YULIA', 'P', 2, 'A', NULL, NULL),
	(109, '17655', '0011514363', 'NURUL KHOLIFAH', 'P', 4, 'A', NULL, NULL),
	(110, '17656', '0010953536', 'RECLIV ADITYA APRIHITO', '', 4, 'T', NULL, 'Keluar Permintaan Orang Tua 1 Nopember 2018'),
	(111, '17657', '0011653113', 'RETNO UTARI', 'P', 4, 'A', NULL, NULL),
	(112, '17658', '0010954256', 'RISTU HAQIQI', 'P', 4, 'A', NULL, NULL),
	(113, '17659', '0012191919', 'RURI AYU PANGESTI', 'P', 4, 'A', NULL, NULL),
	(114, '17660', '0012191431', 'SEPTIA FANI PUSPITA SARI', 'P', 4, 'A', NULL, NULL),
	(115, '17661', '', 'SITI HARDIYANTI WAHYUNINGSIH', 'P', 4, 'A', NULL, NULL),
	(116, '17662', '0020058806', 'SITI NUZULUR ROHMAH', 'P', 4, 'A', NULL, NULL),
	(117, '17663', '0011619739', 'SRI REJEKI', 'P', 4, 'A', NULL, NULL),
	(118, '17664', '0011594498', 'SYAFITRI KHUZAEMAH', 'P', 4, 'A', NULL, NULL),
	(119, '17665', '0010979666', 'TITIS VERA YULAIKHA', 'P', 4, 'A', NULL, NULL),
	(120, '17666', '0003914758', 'VIVI DIAH NOVITA', 'P', 4, 'A', NULL, NULL),
	(121, '17667', '0010955245', 'WIJI PURWATI', 'P', 4, 'T', NULL, 'Cuti Permintaan Orang Tua tanggal 22 Nopember 2018'),
	(122, '17669', '0011655678', 'AGUSTINAH DIKA WATI', 'P', 5, 'A', NULL, NULL),
	(123, '17670', '0020334125', 'AJENG ARIMBI', 'P', 5, 'A', NULL, NULL),
	(124, '17671', '0013998388', 'ARGHA ANGGITA NINGRUM', 'P', 5, 'A', NULL, NULL),
	(125, '17672', '0012191462', 'ARUM NUR ROHMAH', 'P', 5, 'A', NULL, NULL),
	(126, '17673', '0010859414', 'ASIH WIDI ASTUTI', 'P', 5, 'A', NULL, NULL),
	(127, '17674', '0010777457', 'CLARISA SUCI ROHMAWATI', 'P', 5, 'A', NULL, NULL),
	(128, '17675', '0003911220', 'DESTI IIN SAFITRI', 'P', 5, 'A', NULL, NULL),
	(129, '17676', '0005233494', 'DEVI SIRINTIKA', 'P', 5, 'A', NULL, NULL),
	(130, '17677', '0003198769', 'DITA ARISKA', 'P', 5, 'A', NULL, NULL),
	(131, '17678', '0011618098', 'DWI APRIYANI', 'P', 5, 'A', NULL, NULL),
	(132, '17679', '0003772239', 'DWI SUHARNI', 'P', 5, 'A', NULL, NULL),
	(133, '17680', '0011594497', 'ELSA GUSTI FAJAR MUKTI', 'P', 5, 'A', NULL, NULL),
	(134, '17681', '0010978379', 'FIRDA TRIE RAHMAWATI', 'P', 5, 'A', NULL, NULL),
	(135, '17683', '0003772957', 'GALUH IRSA OKTAVIANA', 'P', 5, 'A', NULL, NULL),
	(136, '17684', '0010857732', 'GENANG NURANI', 'P', 5, 'A', NULL, NULL),
	(137, '17685', '0020075184', 'IKA RAHMAWATI', 'P', 5, 'A', NULL, NULL),
	(138, '17686', '0004137574', 'INAYAH FITRIANI', 'P', 5, 'A', NULL, NULL),
	(139, '17687', '0007511494', 'JIHAN FADLILLAH', 'P', 5, 'A', NULL, NULL),
	(140, '17688', '0010979101', 'KHOIRIN', 'P', 5, 'A', NULL, NULL),
	(141, '17689', '0014785214', 'MEI PUTRI UTAMI', 'P', 5, 'A', NULL, NULL),
	(142, '17690', '0004137753', 'MIGUS RINA', 'P', 5, 'A', NULL, NULL),
	(143, '17691', '0004090073', 'NOVITA SARI', 'P', 5, 'A', NULL, NULL),
	(144, '17692', '0003914590', 'NUR ADINDA AMELIA', 'P', 5, 'A', NULL, NULL),
	(145, '17693', '0022564139', 'PIPIT MEIDA SARI', 'P', 5, 'A', NULL, NULL),
	(146, '17694', '0010955198', 'PUPUT SARASWATI', 'P', 5, 'A', NULL, NULL),
	(147, '17695', '0010978508', 'RATIH MARWATI', 'P', 5, 'A', NULL, NULL),
	(148, '17696', '0005218551', 'RIDA LAILATUL ROKHMAH', 'P', 5, 'A', NULL, NULL),
	(149, '17697', '0011594684', 'SITI RUKHAYAH', 'P', 5, 'A', NULL, NULL),
	(150, '17698', '9996454913', 'SIWI SULANJARI', 'P', 5, 'A', NULL, NULL),
	(151, '17699', '0010534497', 'TIKA PURNAMA SARI', 'P', 5, 'A', NULL, NULL),
	(152, '17701', '0004077314', 'TRI ASTUTI', 'P', 5, 'A', NULL, NULL),
	(153, '17702', '0005319116', 'TRI RISKA KURNIAWATI', 'P', 5, 'A', NULL, NULL),
	(154, '17703', '0017231298', 'VANNI SEKAR AYU MANGGAR WANGI', 'P', 5, 'A', NULL, NULL),
	(155, '17704', '0005112680', 'YULIYANTI', 'P', 5, 'A', NULL, NULL),
	(156, '17705', '0009195854', 'AFIFAH NUR FITRIANI', 'P', 6, 'A', NULL, NULL),
	(157, '17706', '0017810466', 'ALIFIA RACHMADHANI', 'P', 6, 'A', NULL, NULL),
	(158, '17707', '0008099799', 'ANDIN PRISMASARI', 'P', 6, 'A', NULL, NULL),
	(159, '17708', '0008099869', 'ANGGRAENI KUMALASARI', 'P', 6, 'A', NULL, NULL),
	(160, '17709', '0010534539', 'ARNA LESTYANA', 'P', 6, 'A', NULL, NULL),
	(161, '17710', '0005317058', 'AYU FITRIA', 'P', 6, 'A', NULL, NULL),
	(162, '17711', '0003771576', 'AZIZAH DENA PUSPASARI', 'P', 6, 'A', NULL, NULL),
	(163, '17712', '0011344017', 'DEA LISA INKA SYAFIRA', 'P', 6, 'A', NULL, NULL),
	(164, '17713', '9998121291', 'DENI SETIAWAN', 'L', 6, 'A', NULL, NULL),
	(165, '17714', '0010776927', 'DEWI CAHYANTI', 'P', 6, 'A', NULL, NULL),
	(166, '17715', '0003771830', 'DEWI SAFITRI', 'P', 6, 'A', NULL, NULL),
	(167, '17716', '0010953913', 'DHENA DWI WIGATI', 'P', 6, 'A', NULL, NULL),
	(168, '17717', '0016200832', 'DITA NATASYA', 'P', 6, 'A', NULL, NULL),
	(169, '17718', '0005112311', 'DWI CAHYANTI', 'P', 6, 'A', NULL, NULL),
	(170, '17719', '9995110463', 'DWI WIDIYANI', 'P', 6, 'A', NULL, NULL),
	(171, '17720', '0004077614', 'ELFIYA NINGSIH', 'P', 6, 'A', NULL, NULL),
	(172, '17721', '0011513920', 'FITRIA AYU LESTARI', 'P', 6, 'A', NULL, NULL),
	(173, '17722', '0012309553', 'IDA ERMAWATI', 'P', 6, 'A', NULL, NULL),
	(174, '17723', '0000124630', 'IMRO\'ATUL AZIZAH', 'P', 6, 'A', NULL, NULL),
	(175, '17724', '0016062055', 'KHOFIFAH', 'P', 6, 'A', NULL, NULL),
	(176, '17725', '0004078868', 'MAHANING PRAYUDATI', 'P', 6, 'A', NULL, NULL),
	(177, '17726', '0000363230', 'MART WISTIA', 'P', 6, 'A', NULL, NULL),
	(178, '17727', '0002345600', 'NOVELIA FRENISHA MAJID', 'P', 6, 'A', NULL, NULL),
	(179, '17728', '0011495440', 'OKTAVIA LINDA RATNA DEWI', 'P', 6, 'A', NULL, NULL),
	(180, '17729', '0013998464', 'PUJI PANGESTUTI', 'P', 6, 'A', NULL, NULL),
	(181, '17730', '0010954003', 'RADITYA WIDODO MUKTI', 'L', 6, 'A', NULL, NULL),
	(182, '17731', '0003914381', 'RISKA OKTAVIANI SETIOWATI', 'P', 6, 'A', NULL, NULL),
	(183, '17732', '0011471672', 'RIZA INTAN YULIANA', 'P', 6, 'A', NULL, NULL),
	(184, '17734', '0010953556', 'SITI ROVIATUN', 'P', 6, 'A', NULL, NULL),
	(185, '17735', '0000124638', 'SURYATI', 'P', 6, 'A', NULL, NULL),
	(186, '17736', '0003198741', 'TRI WIDAYATI', 'P', 6, 'A', NULL, NULL),
	(187, '17737', '0003198639', 'USWANTI', 'P', 6, 'A', NULL, NULL),
	(188, '17738', '', 'WANDOYO', 'L', 6, 'A', NULL, NULL),
	(189, '17739', '9992990109', 'YUNI MISWATI', 'P', 6, 'A', NULL, NULL),
	(190, '17740', '0010162141', 'ZENI ISWATUN KASANAH', 'P', 6, 'A', NULL, NULL),
	(191, '17741', '0010777318', 'AGNES NUR WAHYUNINGTYAS', 'P', 7, 'A', NULL, NULL),
	(192, '17742', '0010954767', 'ALVITA  PUTRI', 'P', 7, 'A', NULL, NULL),
	(193, '17744', '0009463768', 'ANGGRENI NUR LINDASARI', 'P', 7, 'A', NULL, NULL),
	(194, '17745', '0005099006', 'ARUM SUTANTI', 'P', 7, 'A', NULL, NULL),
	(195, '17747', '0011592413', 'BITA RIZKY DESTIANA', 'P', 7, 'A', NULL, NULL),
	(196, '17749', '0010776926', 'DEWI CAHYANI', 'P', 7, 'A', NULL, NULL),
	(197, '17750', '0000124622', 'DEWI PUSPITASARI', 'P', 7, 'A', NULL, NULL),
	(198, '17751', '0012405411', 'DEWI SETIYANINGSIH', 'P', 7, 'A', NULL, NULL),
	(199, '17752', '0020131540', 'DIAN ARDENIA KUSUMAWATI', 'P', 7, 'A', NULL, NULL),
	(200, '17753', '0000124717', 'DUROTUN NAFISAH AL FADLILA', 'P', 7, 'A', NULL, NULL),
	(201, '17754', '9990263967', 'DWI HARTINI', 'P', 7, 'A', NULL, NULL),
	(202, '17755', '0003198607', 'DYAH PRAMESTI RAHMADANTI', 'P', 7, 'A', NULL, NULL),
	(203, '17756', '0003911218', 'ERLINA TRIA ASTUTI', 'P', 7, 'A', NULL, NULL),
	(204, '17757', '0020779926', 'GALUH WAHYU KRISTWATI', 'P', 7, 'A', NULL, NULL),
	(205, '17758', '9995276110', 'I\'IS ROIMAH', 'P', 7, 'A', NULL, NULL),
	(206, '17759', '0012191777', 'INDRI HANDAYANI', 'P', 7, 'A', NULL, NULL),
	(207, '17760', '9994357533', 'KHUSNUL KHOTIMAH', 'P', 7, 'A', NULL, NULL),
	(208, '17761', '0010777331', 'MAIS APRIATI', 'P', 7, 'A', NULL, NULL),
	(209, '17762', '0012191546', 'MEYTA RISKA ARYANTI', 'P', 7, 'A', NULL, NULL),
	(210, '17763', '0003198663', 'MUJI RAHAYU', 'P', 7, 'A', NULL, NULL),
	(211, '17764', '0010777290', 'NOVI AGUS DAMAIYANTI', 'P', 7, 'A', NULL, NULL),
	(212, '17765', '0010777629', 'NOVITA DEWI SULASTRI', 'P', 7, 'A', NULL, NULL),
	(213, '17766', '0005495818', 'OKTAVIANA', 'P', 7, 'A', NULL, NULL),
	(214, '17767', '0011514877', 'RATNA DWI JAYANTI', 'P', 7, 'A', NULL, NULL),
	(215, '17768', '0011513623', 'RINA HARYATI', 'P', 7, 'A', NULL, NULL),
	(216, '17769', '0010953984', 'RISTIKA MARTA PUTRI', 'P', 7, 'A', NULL, NULL),
	(217, '17770', '0010777414', 'RIZKA YUNIARSIH', 'P', 7, 'A', NULL, NULL),
	(218, '17771', '0010953642', 'SEKAR AJI RAHMA PINASTITI', 'P', 7, 'A', NULL, NULL),
	(219, '17772', '0010857320', 'SOLIH RAHMAWATI', 'P', 7, 'A', NULL, NULL),
	(220, '17773', '0014740163', 'TRI SETIANINGSIH', 'P', 7, 'A', NULL, NULL),
	(221, '17774', '0020075142', 'VEGA CANDRA CHALARA', 'P', 7, 'A', NULL, NULL),
	(222, '17775', '0004482883', 'WAHYU DWI LESTARI', 'P', 7, 'A', NULL, NULL),
	(223, '17776', '', 'WAHYUNINGSIH', 'P', 7, 'A', NULL, NULL),
	(224, '17777', '0005318780', 'YULI TRI UTAMI', 'P', 7, 'A', NULL, NULL),
	(225, '17778', '0010534417', 'ALFINA DORA FEBRIANTI', 'P', 8, 'A', NULL, NULL),
	(226, '17779', '0004076952', 'ANANDA SUCI KOSASIH', 'P', 8, 'A', NULL, NULL),
	(227, '17780', '0013270771', 'ANGGI HERAWATI', 'P', 8, 'A', NULL, NULL),
	(228, '17781', '0004077337', 'ANGGITYA NOVIANTI', 'P', 8, 'A', NULL, NULL),
	(229, '17783', '0020071736', 'ASISKA AMBARWATI', 'P', 8, 'A', NULL, NULL),
	(230, '17784', '0012191788', 'AYU TITI EVITASARI', 'P', 8, 'A', NULL, NULL),
	(231, '17785', '0010859408', 'CHUSNUL AZIZAH', 'P', 8, 'A', NULL, NULL),
	(232, '17786', '0010776012', 'CICI PURNAWATI', 'P', 8, 'A', NULL, NULL),
	(233, '17787', '0014388516', 'DEVY JULIANTIKA WULANDARI', 'P', 8, 'A', NULL, NULL),
	(234, '17788', '0010954763', 'DEWI RAHMAWATI', 'P', 8, 'A', NULL, NULL),
	(235, '17789', '9994971688', 'DEWI UTAMI', 'P', 8, 'A', NULL, NULL),
	(236, '17790', '0010859349', 'DWI AYUNINGSIH', 'P', 8, 'A', NULL, NULL),
	(237, '17791', '0005095569', 'DWI SEPTIYANTI', 'P', 8, 'A', NULL, NULL),
	(238, '17792', '0011512521', 'EKA PRATIWI', 'P', 8, 'A', NULL, NULL),
	(239, '17793', '0014510429', 'ERNA MUSTIKAWATI', 'P', 8, 'A', NULL, NULL),
	(240, '17794', '0003878550', 'HIDAYAH AYU RENGGANI', 'P', 8, 'A', NULL, NULL),
	(241, '17795', '0003914351', 'IKA FEBRIANTI', 'P', 8, 'A', NULL, NULL),
	(242, '17796', '0010857356', 'ISMI JULIA PUTRI', 'P', 8, 'A', NULL, NULL),
	(243, '17798', '0004079759', 'MA\'RIFATUN FARIDA', 'P', 8, 'A', NULL, NULL),
	(244, '17799', '0006340477', 'MAULANI FADILAH', 'P', 8, 'A', NULL, NULL),
	(245, '17800', '0010857613', 'NANDA WAHYU RAHMAWATI', 'P', 8, 'A', NULL, NULL),
	(246, '17801', '0009889285', 'NURUL HILDAYANI', 'P', 8, 'A', NULL, NULL),
	(247, '17802', '0010777410', 'PERTIWI ARUMSASI', 'P', 8, 'A', NULL, NULL),
	(248, '17803', '0011593125', 'RENDA ASTUTI', 'P', 8, 'A', NULL, NULL),
	(249, '17805', '0010859503', 'RITA ASTUTI', 'P', 8, 'A', NULL, NULL),
	(250, '17806', '0003772547', 'SAFIRA ROHMA MUDHA', 'P', 8, 'A', NULL, NULL),
	(251, '17807', '0005095197', 'SEKAR SRI UTAMI', 'P', 8, 'A', NULL, NULL),
	(252, '17808', '0015607766', 'SUMARSIH', 'P', 8, 'A', NULL, NULL),
	(253, '17809', '0003773075', 'TRI WAHRUNI', 'P', 8, 'A', NULL, NULL),
	(254, '17810', '9994959835', 'TUTUT FAJAR ROHANI', 'P', 8, 'A', NULL, NULL),
	(255, '17811', '0011517088', 'ULFAHTUR ROHMAH', 'P', 8, 'A', NULL, NULL),
	(256, '17813', '9991704516', 'YULI PURWANTI', 'P', 8, 'A', NULL, NULL),
	(257, '17814', '0011619990', 'YUNITA LISA CAHYANTI', 'P', 8, 'A', NULL, NULL),
	(258, '17815', '0011576513', 'AAN PERWITANINGSIH', 'P', 10, 'A', NULL, NULL),
	(259, '17816', '0011577957', 'ANISA FITRI', 'P', 10, 'A', NULL, NULL),
	(260, '17817', '0010521459', 'DETI SEPTIYANA', 'P', 10, 'A', NULL, NULL),
	(261, '17818', '0010777061', 'DIAN KARTIKASARI', 'P', 10, 'A', NULL, NULL),
	(262, '17819', '0011512269', 'DWI OKTAVIANINGSIH', 'P', 10, 'A', NULL, NULL),
	(263, '17820', '9995337937', 'DWI SAPTIANI', 'P', 10, 'A', NULL, NULL),
	(264, '17821', '0010534465', 'DWINDA RESTIANA', 'P', 10, 'A', NULL, NULL),
	(265, '17822', '0020117266', 'EKA AYU SAPUTRI', 'P', 10, 'A', NULL, NULL),
	(266, '17823', '0014354234', 'ELLA AMALIA', 'P', 10, 'A', NULL, NULL),
	(267, '17824', '0002297929', 'ERMAWATI YUNI HARNINGRUM', 'P', 10, 'A', NULL, NULL),
	(268, '17825', '0010859499', 'ERNA DWI KARTIKASARI', 'P', 10, 'A', NULL, NULL),
	(269, '17826', '0010534542', 'ERNA JULIANTO', 'P', 10, 'A', NULL, NULL),
	(270, '17827', '0010857326', 'EVITA SUCI HANDAYANI', 'P', 10, 'A', NULL, NULL),
	(271, '17828', '0020117265', 'FEBRIYANTI', 'P', 10, 'A', NULL, NULL),
	(272, '17829', '0011576909', 'HERLINA PUTRIDIANA', 'P', 10, 'A', NULL, NULL),
	(273, '17830', '0003773339', 'IRMA DWINARTI', 'P', 10, 'A', NULL, NULL),
	(274, '17831', '0020776222', 'ISTIQOMAH ADELLIA SASESTI', 'P', 10, 'A', NULL, NULL),
	(275, '17832', '0006068689', 'KHALIMATUS SYA\'DIAH', 'P', 10, 'A', NULL, NULL),
	(276, '17833', '0013858281', 'NABILA SYIFA', 'P', 10, 'A', NULL, NULL),
	(277, '17834', '9998346522', 'NIKEN YULIASTUTI', 'P', 10, 'A', NULL, NULL),
	(278, '17835', '0009863774', 'OKTAVIANI', 'P', 10, 'A', NULL, NULL),
	(279, '17836', '0017057608', 'RAEHAN HOPIPAH MADINAH', 'P', 10, 'A', NULL, NULL),
	(280, '17837', '0010857558', 'RETA MEGA ANGGRAINI', 'P', 10, 'A', NULL, NULL),
	(281, '17838', '0001396234', 'RISKA ADITYA PRATAMA', 'P', 10, 'A', NULL, NULL),
	(282, '17839', '0011516470', 'RIZKI AYU SETYANINGRUM', 'P', 10, 'A', NULL, NULL),
	(283, '17840', '0009198586', 'RIZKUNISA NUR FADILLAH', 'P', 10, 'A', NULL, NULL),
	(284, '17841', '0002569785', 'RUMIYANTI', 'P', 10, 'A', NULL, NULL),
	(285, '17842', '0000256970', 'SHELA LESTARI', 'P', 10, 'A', NULL, NULL),
	(286, '17843', '0011590677', 'SITI RAMANDANI EKA SAPUTRI', 'P', 10, 'A', NULL, NULL),
	(287, '17844', '0008105639', 'SUSILO WATI', 'P', 10, 'A', NULL, NULL),
	(288, '17845', '0011512258', 'TITI WIJAYANTI', 'P', 10, 'A', NULL, NULL),
	(289, '17846', '0010534414', 'UMMI ASRIFAH', 'P', 10, 'A', NULL, NULL),
	(290, '17847', '0016270562', 'VERA RAMADHANI CANDRA FADILLAH', 'P', 10, 'A', NULL, NULL),
	(291, '17848', '0011654087', 'YANA FEBRIASTUTI', 'P', 10, 'A', NULL, NULL),
	(292, '17849', '0012325050', 'ZULAIKHA ISMAHMUDAH', 'P', 10, 'A', NULL, NULL),
	(293, '17850', '0004077604', 'ANISA FAUZIA', 'P', 11, 'A', NULL, NULL),
	(294, '17851', '0000429691', 'ANITA PUSPITA SARI', 'P', 11, 'A', NULL, NULL),
	(295, '17852', '0010534487', 'ANNISA FEBRIANI INTAN SARI', 'P', 11, 'A', NULL, NULL),
	(296, '17853', '0010857752', 'ARMA WAHYU PRASETYA', 'L', 11, 'A', NULL, NULL),
	(297, '17854', '0011514965', 'DEA AGUSTINA', 'P', 11, 'A', NULL, NULL),
	(298, '17855', '0011593898', 'DEMI RONDIYAH', 'P', 11, 'A', NULL, NULL),
	(299, '17856', '', 'DENNY SETIAWAN', 'L', 11, 'A', NULL, NULL),
	(300, '17857', '9991007697', 'DESI RATNA SARI', 'P', 11, 'A', NULL, NULL),
	(301, '17858', '0010857330', 'ENI RAHAYU', 'P', 11, 'A', NULL, NULL),
	(302, '17859', '0010775987', 'FARID TRISBIANTORO', 'L', 11, 'A', NULL, NULL),
	(303, '17860', '0010978436', 'HESTI WIDIASTUTI', 'P', 11, 'A', NULL, NULL),
	(304, '17861', '9996350771', 'INDRIWATI', 'P', 11, 'A', NULL, NULL),
	(305, '17862', '0004150889', 'IRVAN ALFATAH', 'L', 11, 'A', NULL, NULL),
	(306, '17863', '0003771746', 'LILIS CAHYANI', 'P', 11, 'A', NULL, NULL),
	(307, '17864', '0005232872', 'LISTI OKTAVIANI', 'P', 11, 'A', NULL, NULL),
	(308, '17865', '0004150897', 'M. FATKHUR ROKHMAN', 'L', 11, 'A', NULL, NULL),
	(309, '17866', '0010534550', 'MIFTAHUL KAROMAH', 'P', 11, 'A', NULL, NULL),
	(310, '17867', '0009219281', 'NARIYAH', 'P', 11, 'A', NULL, NULL),
	(311, '17868', '0010776606', 'NOVA SARTIKA RINI', 'P', 11, 'A', NULL, NULL),
	(312, '17869', '0014354233', 'NURYA AFIDA', 'P', 11, 'A', NULL, NULL),
	(313, '17870', '0003772169', 'OKTAVIANI PURBASARI', 'P', 11, 'A', NULL, NULL),
	(314, '17871', '0004685517', 'PRASETYO AJI PANGESTU', 'L', 11, 'A', NULL, NULL),
	(315, '17872', '0010859569', 'RESTU MARSIH', 'P', 11, 'A', NULL, NULL),
	(316, '17873', '0003911213', 'RETNO WAHYU ANGGRAENI', 'P', 11, 'A', NULL, NULL),
	(317, '17874', '0011896302', 'SEPTI CITRA WARDANI', 'P', 11, 'A', NULL, NULL),
	(318, '17875', '0005318606', 'SETYA NINGRUM', 'P', 11, 'A', NULL, NULL),
	(319, '17876', '9996556181', 'SITI FADLILAH', 'P', 11, 'A', NULL, NULL),
	(320, '17877', '0005097333', 'SITI HALIMAH', 'P', 11, 'A', NULL, NULL),
	(321, '17878', '0010776020', 'SITI USWATUN KHASANAH', 'P', 11, 'A', NULL, NULL),
	(322, '17879', '0005099002', 'SRI HASTUTI', 'P', 11, 'A', NULL, NULL),
	(323, '17880', '0005232857', 'TONI', 'L', 11, 'A', NULL, NULL),
	(324, '17881', '0005217599', 'TRI MUHAMMAD NOVA', '', 11, 'T', NULL, 'Keluar Permintaan Orang Tua 2 Januari 2019'),
	(325, '17882', '9995275590', 'TRISA SUMARNINGSIH', 'P', 11, 'A', NULL, NULL),
	(326, '17883', '0004079751', 'YULIANA', 'P', 11, 'A', NULL, NULL),
	(327, '17884', '0011594323', 'ZINDI YULI SETIYANI', 'P', 11, 'A', NULL, NULL),
	(330, '17887', '0010857387', 'ARUM PANCA KUSUMA', 'P', 9, 'A', '-', '='),
	(331, '17888', '0011654395', 'ARUM VEGA FIGESTI', 'P', 9, 'A', '-', '-'),
	(332, '17889', '0003911176', 'CITRA NURMA INTAN', 'P', 9, 'A', NULL, NULL),
	(333, '17890', '0010776977', 'DENI LUSIANI', 'P', 9, 'A', NULL, NULL),
	(334, '17891', '0011577304', 'DEWI MURTI SARI', 'P', 9, 'A', NULL, NULL),
	(335, '17892', '0010744751', 'DEWI TRIYANI', 'P', 9, 'A', NULL, NULL),
	(336, '17893', '0012773141', 'DEWI WIDIAWATI FITRIYANI', 'P', 9, 'A', NULL, NULL),
	(337, '17894', '0004031789', 'DWI CAHYA RAHMA ROMADHONI', 'P', 9, 'A', NULL, NULL),
	(338, '17895', '0004137413', 'ELI ARFIANA', 'P', 9, 'A', NULL, NULL),
	(339, '17897', '0003772349', 'EVA CAHYANI', 'P', 9, 'A', NULL, NULL),
	(340, '17898', '0002760373', 'ICHA RETWIYATI', 'P', 9, 'A', NULL, NULL),
	(341, '17899', '0006111336', 'IMUS NIKEN AYU PRATIWI', 'P', 9, 'A', NULL, NULL),
	(342, '17900', '0010954594', 'INDAH DWI HARYANTI', 'P', 9, 'A', NULL, NULL),
	(343, '17901', '0010857590', 'ISTIQOMAH', 'P', 9, 'A', NULL, NULL),
	(344, '17902', '0005217662', 'KHOFIFAH FITRIANI', 'P', 9, 'A', NULL, NULL),
	(345, '17903', '0010109412', 'LIDIA WATI', 'P', 9, 'A', NULL, NULL),
	(346, '17904', '0017847854', 'LULUT SAHILA', 'P', 9, 'A', NULL, NULL),
	(347, '17905', '0011590525', 'MAHENI INDAH PUSPITASARI', 'P', 9, 'A', NULL, NULL),
	(348, '17906', '0008110397', 'NURMALA DEWI MASITA', 'P', 9, 'A', NULL, NULL),
	(349, '17907', '0004973186', 'PUPUT INDAHLESTARI', 'P', 9, 'A', NULL, NULL),
	(350, '17908', '0013998418', 'PUTRI ADIN GINANDARI', 'P', 9, 'A', NULL, NULL),
	(351, '17909', '9996352177', 'RATNA ANGGRAENI', 'P', 9, 'A', NULL, NULL),
	(352, '17910', '0004079187', 'RULLY NOVINDRA', 'P', 9, 'A', NULL, NULL),
	(353, '17911', '0016450831', 'SAFETY RAHMAWATI', 'P', 9, 'A', NULL, NULL),
	(354, '17912', '0020333328', 'SHOFI FATIKA FEBRIANI', 'P', 9, 'A', NULL, NULL),
	(355, '17913', '0011512289', 'SINTA KRISMONIKA YULI', 'P', 9, 'A', NULL, NULL),
	(356, '17914', '0010777468', 'SITI FATIMAH', 'P', 9, 'A', NULL, NULL),
	(357, '17915', '0010857601', 'SITI MUTOHAROH', 'P', 9, 'A', NULL, NULL),
	(358, '17916', '9998526422', 'SRI UTAMI', 'P', 9, 'A', NULL, NULL),
	(359, '17917', '0014018526', 'TABITA AYU LESTARI', 'P', 9, 'A', NULL, NULL),
	(360, '17918', '0005095104', 'WAKIDATUL MUNIRO', 'P', 9, 'A', NULL, NULL),
	(361, '17920', '0004456742', 'WULAN SUKMA ANGGRAENI', 'P', 9, 'A', NULL, NULL),
	(362, '17921', '0003772366', 'YULIA ANDINI', 'P', 9, 'A', NULL, NULL),
	(363, '17922', '0013232966', 'YUNITA ARI ARTANTI', 'P', 9, 'A', NULL, NULL),
	(364, '17923', '0011512261', 'ZULFA AULIA', 'P', 9, 'A', NULL, NULL),
	(365, '17924', '0011513621', 'ANISYA DWI WIDIA PANGESTI', 'P', 12, 'A', NULL, NULL),
	(366, '17925', '0013976535', 'ANNISA WIDYA ASTUTI', 'P', 12, 'A', NULL, NULL),
	(367, '17926', '', 'ANTASYA AYU PRATAMA', 'P', 12, 'A', NULL, NULL),
	(368, '17927', '0011514349', 'ANWAR WIBOWO', 'L', 12, 'A', NULL, NULL),
	(369, '17928', '0011092138', 'BAGUS PRATAMA PUTRA', 'L', 12, 'A', NULL, NULL),
	(370, '17929', '0004545001', 'DHIKA WIDIYATI', 'P', 12, 'A', NULL, NULL),
	(371, '17930', '0007821457', 'DWI PRASETYO', 'L', 12, 'A', NULL, NULL),
	(372, '17932', '0011590772', 'FATHILAH AHMAT SYAHBANA', 'L', 12, 'A', NULL, NULL),
	(373, '17933', '9984833265', 'FAUZIAH ROHMAWATI', 'P', 12, 'A', NULL, NULL),
	(374, '17934', '0011516280', 'FIRMAN ASRORI', 'L', 12, 'A', NULL, NULL),
	(375, '17935', '0000124700', 'GILANG GEMILANG ARTHA', 'L', 12, 'A', NULL, NULL),
	(376, '17936', '0015463780', 'LENI ARIAYANTI', 'P', 12, 'A', NULL, NULL),
	(377, '17937', '0005564513', 'LUTHFI ANDY NURFADLI', 'L', 12, 'A', NULL, NULL),
	(378, '17938', '0020334124', 'NURFILLAH LESTARI', 'P', 12, 'A', NULL, NULL),
	(379, '17939', '0013323283', 'NURUL RIZQI HASANAH', 'P', 12, 'A', NULL, NULL),
	(380, '17940', '0003198876', 'PURWATI', 'P', 12, 'A', NULL, NULL),
	(381, '17941', '0010776200', 'RAJA WASKITA PANDU DEWATARA', 'L', 12, 'A', NULL, NULL),
	(382, '17942', '0004077317', 'RETNO SETYOWATI', 'P', 12, 'A', NULL, NULL),
	(383, '17943', '9996907208', 'RIA YULIANTI', 'P', 12, 'A', NULL, NULL),
	(384, '17944', '0005111071', 'RIDHO ARIFYAN ACHYAR', 'L', 12, 'A', NULL, NULL),
	(385, '17945', '0010978602', 'ROVINO DWI SANJAYA', 'L', 12, 'A', NULL, NULL),
	(386, '17946', '0011298995', 'SALSABILA APRILIA LESMANA', 'P', 12, 'A', NULL, NULL),
	(387, '17947', '00013976536', 'SATRIA BAGAS DWIHANDONO', 'L', 12, 'A', NULL, NULL),
	(388, '17948', '0000102560', 'SRI PUTRA NURUL ABIDIN', 'L', 12, 'A', NULL, NULL),
	(389, '17951', '0010277319', 'AGUSTINA YOSIKA AZHARI', 'P', 13, 'A', NULL, NULL),
	(390, '17953', '0011655902', 'BOMA SUBAKTI', 'L', 13, 'A', NULL, NULL),
	(391, '17954', '0010859509', 'DIAN NUR RAHMAWATI', 'P', 13, 'A', NULL, NULL),
	(392, '17955', '0010776002', 'DWI PUSPITA', 'P', 13, 'A', NULL, NULL),
	(393, '17956', '0011514356', 'FAJAR WICAKSONO', 'L', 13, 'A', NULL, NULL),
	(394, '17957', '0011593124', 'FATIMAH AZZAHRA', 'P', 13, 'A', NULL, NULL),
	(395, '17958', '0010859612', 'FERA FERDIYANTI', 'P', 13, 'A', NULL, NULL),
	(396, '17959', '0010859447', 'FIRDA MIR\'ATUL ARIFAH', 'P', 13, 'A', NULL, NULL),
	(397, '17960', '0017571976', 'HERDANDI AZZUMAR', 'L', 13, 'A', NULL, NULL),
	(398, '17961', '0008519486', 'ICA ADINDA PUTRI', 'P', 13, 'A', NULL, NULL),
	(399, '17962', '0016040412', 'IIN MAISAROH', 'P', 13, 'A', NULL, NULL),
	(400, '17963', '0010534325', 'MIRAH ISTIQOMAH', 'P', 13, 'A', NULL, NULL),
	(401, '17964', '0010954320', 'MIYAH RANI NINGSIH', 'P', 13, 'A', NULL, NULL),
	(402, '17965', '0010857628', 'NOVIYANTI RAHMADHANI', 'P', 13, 'A', NULL, NULL),
	(403, '17966', '0010859485', 'NUR LAELA AMBARWATI', 'P', 13, 'A', NULL, NULL),
	(404, '17967', '0014510432', 'RIA ALFIATUN', 'P', 13, 'A', NULL, NULL),
	(405, '17968', '0004078792', 'RINDHY DWI NOVIANA', 'P', 13, 'A', NULL, NULL),
	(406, '17969', '0011655435', 'RIRIS PUJI LESTARI', 'P', 13, 'A', NULL, NULL),
	(407, '17970', '0003771338', 'RISKY SILVIANA', 'P', 13, 'A', NULL, NULL),
	(408, '17971', '0010859574', 'RIZKY KAMILA', 'P', 13, 'A', NULL, NULL),
	(409, '17972', '0003914760', 'SEPTIANI', 'P', 13, 'A', NULL, NULL),
	(410, '17973', '0008900994', 'SINDI SILVIA', 'P', 13, 'A', NULL, NULL),
	(411, '17974', '0005277787', 'SRI GINANJAR', 'L', 13, 'A', NULL, NULL),
	(412, '17975', '0003772231', 'TIKNO SURTIYANTO', 'L', 13, 'A', NULL, NULL),
	(413, '17976', '0010703277', 'TRI AGUS CAHYONO', 'L', 13, 'A', NULL, NULL),
	(414, '17977', '9995114048', 'WAHYU LESTARI', 'P', 13, 'A', NULL, NULL),
	(415, '17978', '0010776740', 'WAHYU MAHANANI', 'P', 13, 'A', NULL, NULL),
	(416, '17979', '0009225960', 'WAWAN MUSTOFA', 'L', 13, 'A', NULL, NULL),
	(417, '17980', '0012191513', 'YUDI MULYANA', 'L', 13, 'A', NULL, NULL),
	(418, '17981', '0010978419', 'YUNIA ANISAH FADHILAH', 'P', 13, 'A', NULL, NULL),
	(419, '17982', '0004079854', 'AHMAT SEBAUDIN', 'L', 14, 'A', NULL, NULL),
	(420, '17983', '9984270634', 'ANDRI YULIYANTO', 'L', 14, 'A', NULL, NULL),
	(421, '17985', '0013232975', 'DESTI INDRIYANI', 'P', 14, 'A', NULL, NULL),
	(422, '17986', '0003198655', 'DWI AYU LESTARI', 'P', 14, 'A', NULL, NULL),
	(423, '17987', '0002405023', 'EKO FAJAR RIONO', 'L', 14, 'A', NULL, NULL),
	(424, '17988', '0010955257', 'INDAH TRI WARDANI', 'P', 14, 'A', NULL, NULL),
	(425, '17989', '0003911209', 'IRMA OKTAVIASARI', 'P', 14, 'A', NULL, NULL),
	(426, '17990', '0010859759', 'KAFIDATUN NISA', 'P', 14, 'A', NULL, NULL),
	(427, '17991', '0004153485', 'MUHAMAD AWALUDIN', 'L', 14, 'A', NULL, NULL),
	(428, '17992', '0010857568', 'NINA WAHYUNINGTYAS ', 'P', 14, 'A', NULL, NULL),
	(429, '17993', '0005198969', 'NITA NOFITRI', 'P', 14, 'A', NULL, NULL),
	(430, '17994', '0011515023', 'NITA SEPTIANI', 'P', 14, 'A', NULL, NULL),
	(431, '17995', '0010857612', 'NOVITA TRIOKTAVIANI', 'P', 14, 'A', NULL, NULL),
	(432, '17996', '0001970283', 'NUNGKI ARIYANI', 'P', 14, 'A', NULL, NULL),
	(433, '17997', '0003198734', 'NUR RIYANTI', 'P', 14, 'A', NULL, NULL),
	(434, '17998', '0004079840', 'NUR ROHMAH', 'P', 14, 'A', NULL, NULL),
	(435, '17999', '0003198734', 'NURUL FANIA', 'P', 14, 'A', NULL, NULL),
	(436, '18000', '0013156233', 'NURUL HIDAYAH', 'P', 14, 'A', NULL, NULL),
	(437, '18001', '0010953906', 'NURUL KOMARIYAH', 'P', 14, 'A', NULL, NULL),
	(438, '18002', '0013270720', 'PANGGIH PANGESTU', 'P', 14, 'A', NULL, NULL),
	(439, '18003', '0005088066', 'PEBRI PEPIANA', 'P', 14, 'A', NULL, NULL),
	(440, '18004', '9986319880', 'RAHMAT JULIANTO', 'L', 14, 'A', NULL, NULL),
	(441, '18005', '0005094794', 'RAMADHAN', 'L', 14, 'A', NULL, NULL),
	(442, '18006', '9984972173', 'RIZKA KHIKMAWATI', 'P', 14, 'A', NULL, NULL),
	(443, '18007', '9994357570', 'ROSSY PRAMUDHITA', 'P', 14, 'A', NULL, NULL),
	(444, '18009', '0003529279', 'SULIS NABILA', 'P', 14, 'A', NULL, NULL),
	(445, '18010', '0005231309', 'TINA YULI ASTUTI', 'P', 14, 'A', NULL, NULL),
	(446, '18011', '0004078988', 'TITIK HARIYANTI', 'P', 14, 'A', NULL, NULL),
	(447, '18013', '0005018381', 'ULFA INDARTI WAHYUNI', 'P', 14, 'A', NULL, NULL),
	(448, '18014', '0013998382', 'VITA AYUNINGTIAS', 'P', 14, 'A', NULL, NULL),
	(449, '18015', '0003698743', 'WAHYU LESTARI', 'P', 14, 'A', NULL, NULL),
	(450, '18016', '0007641891', 'WALJATUN JANAH', 'P', 14, 'A', NULL, NULL),
	(451, '18017', '0020071621', 'WINDA ARIYANTI', 'P', 14, 'A', NULL, NULL),
	(452, '18018', '0011517089', 'ABID ALFAIZIN', 'L', 15, 'A', NULL, NULL),
	(453, '18019', '0018861434', 'AJI ARIFTO', 'L', 15, 'A', NULL, NULL),
	(454, '18020', '9984270657', 'ALI KURNIAWAN', 'L', 15, 'A', NULL, NULL),
	(455, '18022', '0024782884', 'BANGKIT NUSANTORO JATI', 'L', 15, 'A', NULL, NULL),
	(456, '18023', '0003198748', 'BAYU KURNIAWAN', 'L', 15, 'A', NULL, NULL),
	(457, '18025', '0011772314', 'DAVID BAYU PRATAMA', 'L', 15, 'A', NULL, NULL),
	(458, '18026', '0011576474', 'DENNY RAHMANTO', 'L', 15, 'A', NULL, NULL),
	(459, '18027', '0012413073', 'DHIKY WAHYUDHI', 'L', 15, 'A', NULL, NULL),
	(460, '18028', '0010534348', 'EKO SAPUTRO', 'L', 15, 'A', NULL, NULL),
	(461, '18029', '0011516283', 'FAJAR NUR SOLEH', 'L', 15, 'A', NULL, NULL),
	(462, '18030', '0019845042', 'HILMYWAN HIDAYAT', 'L', 15, 'A', NULL, NULL),
	(463, '18033', '0001599402', 'KHOIRUL MUSAFFA', 'L', 15, 'A', NULL, NULL),
	(464, '18034', '0005212309', 'LAELI ISNAENI', 'P', 15, 'A', NULL, NULL),
	(465, '18035', '005317054', 'MUHAMAD NAWAWI', 'L', 15, 'A', NULL, NULL),
	(466, '18038', '0014354228', 'MUHAMMAD IRSYAD WIBAWANTO', 'L', 15, 'A', NULL, NULL),
	(467, '18039', '0020131618', 'MUHAMMAD NUR HUDA', 'L', 15, 'A', NULL, NULL),
	(468, '18040', '0010954531', 'MUHAMMAD SAEFULLOH', 'L', 15, 'A', NULL, NULL),
	(469, '18041', '9994947504', 'PARJONI', 'L', 15, 'A', NULL, NULL),
	(470, '18042', '0020131704', 'RELE SARWANDA', 'L', 15, 'A', NULL, NULL),
	(471, '18044', '0016688400', 'RIWAN TRIOKO', 'L', 15, 'A', NULL, NULL),
	(472, '18045', '9995336990', 'SIDQON MUKHLISIN', 'L', 15, 'A', NULL, NULL),
	(473, '18046', '0010534460', 'SONGSONG HANDOKO', 'L', 15, 'A', NULL, NULL),
	(474, '18047', '0007380506', 'TAUFIK HIDAYAT', 'L', 15, 'A', NULL, NULL),
	(475, '18048', '0005317055', 'TRI NUR CAHYONO', 'L', 15, 'A', NULL, NULL),
	(476, '18049', '0010776660', 'USMAN AFFANDI', 'L', 15, 'A', NULL, NULL),
	(477, '18050', '0012191432', 'WURI PANGESTUTI', 'P', 15, 'A', NULL, NULL),
	(478, '18051', '0018252352', 'ADAM ADHITYA SILA', 'L', 16, 'A', NULL, NULL),
	(479, '18052', '0001575341', 'AGUS DERIYANTO', 'L', 16, 'A', NULL, NULL),
	(480, '18053', '0010877525', 'AHID ASHSHIDIQI', 'L', 16, 'A', NULL, NULL),
	(481, '18054', '0010877525', 'AHMAD IRVANDA', 'L', 16, 'A', NULL, NULL),
	(482, '18055', '9985176308', 'AINUN ZULFAN', 'L', 16, 'A', NULL, NULL),
	(483, '18056', '0003772522', 'AJI PUTRO PRIYAMBODO', 'L', 16, 'A', NULL, NULL),
	(484, '18057', '0004137756', 'AKHMAT ABDUL ROJAB', 'L', 16, 'A', NULL, NULL),
	(485, '18058', '0010954584', 'ALDI SETIAWAN', 'L', 16, 'A', NULL, NULL),
	(486, '18059', '0010978816', 'AMAD NASIR', 'L', 16, 'A', NULL, NULL),
	(487, '18060', '0003772220', 'ARYO WIJONANTO', 'L', 16, 'A', NULL, NULL),
	(488, '18061', '0011514962', 'CAHYO AGIL WINARNO', 'L', 16, 'A', NULL, NULL),
	(489, '18062', '0010477692', 'CALVIN ARYA DEWA', 'L', 16, 'A', NULL, NULL),
	(490, '18063', '0010857640', 'DAMAR GALIH PAMUNGKAS', 'L', 16, 'A', NULL, NULL),
	(491, '18064', '0004164203', 'DENI AKMADI', 'L', 16, 'A', NULL, NULL),
	(492, '18065', '0003773140', 'DESTA DWI RAHMAWATI', 'P', 16, 'A', NULL, NULL),
	(493, '18066', '0014619380', 'EKA NURCHOLIS', 'L', 16, 'A', NULL, NULL),
	(494, '18067', '0013270752', 'FIRMAN ARDIANSYAH', 'L', 16, 'A', NULL, NULL),
	(495, '18068', '0003198779', 'HENDRI FERDIYANTO', 'L', 16, 'A', NULL, NULL),
	(496, '18069', '0010777626', 'IVAN TRI SUSANTO', 'L', 16, 'A', NULL, NULL),
	(497, '18070', '0005232868', 'MUHAMMAD SYARIF', 'L', 16, 'A', NULL, NULL),
	(498, '18072', '0008099844', 'NURRUL YULIANA', 'P', 16, 'A', NULL, NULL),
	(499, '18074', '0003772543', 'PRASETYO  ', 'L', 16, 'A', NULL, NULL),
	(500, '18075', '9975059679', 'RAKHMAD HIDAYAT', 'L', 16, 'A', NULL, NULL),
	(501, '18076', '0012191440', 'RIFKY KURNIAWAN', 'L', 16, 'A', NULL, NULL),
	(502, '18077', '0006237727', 'RIZKI YULIYANTO', 'L', 16, 'A', NULL, NULL),
	(503, '18078', '9987596309', 'RUSWANTO', 'L', 16, 'A', NULL, NULL),
	(504, '18079', '0017839114', 'SUCI ANGGRAENI', 'P', 16, 'A', NULL, NULL),
	(505, '18080', '9986135220', 'SUGENG RIYADI', 'L', 16, 'A', NULL, NULL),
	(506, '18081', '9985624369', 'SYARIFUDIN', 'L', 16, 'A', NULL, NULL),
	(507, '18082', '0004078864', 'TOBY YULIONO PAMUNGKAS', 'L', 12, 'A', NULL, NULL),
	(508, '18083', '0010857574', 'TRI MAULANA IBRAHIM', 'L', 16, 'A', NULL, NULL),
	(509, '18084', '0020075145', 'USMAN ABDULLOH', 'L', 12, 'A', NULL, NULL),
	(510, '18085', '0013976596', 'AAN YULI PRASSETYA', 'L', 17, 'A', NULL, NULL),
	(511, '18086', '0015693327', 'AGIL RISKY SANJAYA', 'L', 17, 'A', NULL, NULL),
	(512, '18087', '0001160848', 'AGUS SETIAWAN', 'L', 17, 'A', NULL, NULL),
	(513, '18088', '0012191446', 'AHMAD WAHYUDI', 'L', 17, 'A', NULL, NULL),
	(514, '18089', '0003911036', 'AJI PAMUNGKAS', 'L', 17, 'A', NULL, NULL),
	(515, '18090', '9996608715', 'AJI  SANTOSO', 'L', 17, 'A', NULL, NULL),
	(516, '18091', '9994971090', 'ALAM SEFEYAN FAUN', 'L', 17, 'A', NULL, NULL),
	(517, '18093', '9986448437', 'ANDI SULISTIO', 'L', 17, 'A', NULL, NULL),
	(518, '18095', '9996351886', 'BAYU ARIF SETIAWAN', 'L', 17, 'A', NULL, NULL),
	(519, '18096', '9995110779', 'CATUR JURIYANTO', 'L', 17, 'A', NULL, NULL),
	(520, '18097', '0011512443', 'DANANG SUDIONO', 'L', 17, 'A', NULL, NULL),
	(521, '18099', '0010859493', 'FARID NUTRIONO', 'L', 17, 'A', NULL, NULL),
	(522, '18100', '0005095118', 'INDRA ROMADHON', 'L', 17, 'A', NULL, NULL),
	(523, '18101', '0011514953', 'ISKANDAR', 'L', 17, 'A', NULL, NULL),
	(524, '18102', '9994959785', 'LU\'ZY ANGGEI KURNIAWAN', 'L', 17, 'A', NULL, NULL),
	(525, '18103', '0002404345', 'MUHAMAT SADALI', 'L', 17, 'A', NULL, NULL),
	(526, '18104', '0005097127', 'MUSTOFA', 'L', 17, 'A', NULL, NULL),
	(527, '18106', '0011594301', 'NUR ISNAIN SAPUTRO', 'L', 17, 'A', NULL, NULL),
	(528, '18107', '0003198581', 'PANJI DIRGANTARA', 'L', 17, 'A', NULL, NULL),
	(529, '18108', '0003911059', 'PUJI RAMADHAN ', 'L', 17, 'A', NULL, NULL),
	(530, '18109', '0010954550', 'RIDHO AL FARREL', 'L', 17, 'A', NULL, NULL),
	(531, '18110', '0003198627', 'RIRIT REDIANTO', 'L', 17, 'A', NULL, NULL),
	(532, '18111', '0003919541', 'RIZKY SIGIT NUGROHO', 'L', 17, 'A', NULL, NULL),
	(533, '18115', '0000588019', 'WAHYU PUJI SANTOSO', 'L', 17, 'A', NULL, NULL),
	(534, '18116', '0024174853', 'ADILA MAHARANI', 'P', 18, 'A', NULL, NULL),
	(535, '18117', '0024175137', 'AISA HAPSARI', 'P', 18, 'A', NULL, NULL),
	(536, '18118', '0024170051', 'ANA FITHROTUN NISA\'', 'P', 18, 'A', NULL, NULL),
	(537, '18119', '0021845332', 'ANGGI SULISTIYAWATI', 'P', 18, 'A', NULL, NULL),
	(538, '18120', '0024219475', 'ANNISA FITRIA', 'P', 18, 'A', NULL, NULL),
	(539, '18121', '0024219861', 'ASTRI YUNDA FIRANTI', 'P', 18, 'A', NULL, NULL),
	(540, '18122', '0024219861', 'ATHIYA NUR ANISYA', 'P', 18, 'A', NULL, NULL),
	(541, '18123', '0024258481', 'AYU ARINI', 'P', 18, 'A', NULL, NULL),
	(542, '18124', '0024175134', 'AYU PUSPITASARI', 'P', 18, 'A', NULL, NULL),
	(543, '18125', '0024779071', 'BELLA AFRILIA', 'P', 18, 'A', NULL, NULL),
	(544, '18126', '0024175069', 'DEVI WAHYU KURNIASARI', 'P', 18, 'A', NULL, NULL),
	(545, '18127', '0020143984', 'DEVINA DARMA PUTRI', 'P', 18, 'A', NULL, NULL),
	(546, '18128', '0024091991', 'DIAN AGARISTA SINTA WURI', 'P', 18, 'A', NULL, NULL),
	(547, '18129', '0024153182', 'ELISA FEBRIYANTI', 'P', 18, 'A', NULL, NULL),
	(548, '18130', '0030336084', 'ESTI DWI ASTUTI', 'P', 18, 'A', NULL, NULL),
	(549, '18131', '0017799600', 'FAIZZA RISMANDA PUTRI', 'P', 18, 'A', NULL, NULL),
	(550, '18132', '0024217511', 'FEBRIANTI', 'P', 18, 'A', NULL, NULL),
	(551, '18133', '0011489972', 'FITRI SULISTIYANINGSIH', 'P', 18, 'A', NULL, NULL),
	(552, '18135', '0029145465', 'LINA APRIYANTI', 'P', 18, 'A', NULL, NULL),
	(553, '18136', '0024170648', 'LUXYANA RIEFKI PRATAMA', 'P', 18, 'A', NULL, NULL),
	(554, '18137', '0024219481', 'MEITA PUTRI JAYANI', 'P', 18, 'A', NULL, NULL),
	(555, '18138', '0024219191', 'NERY ILHAM NURROHMAWATI', 'P', 18, 'A', NULL, NULL),
	(556, '18139', '0024779540', 'NILA MAHMUDAH', 'P', 18, 'A', NULL, NULL),
	(557, '18140', '0014320345', 'PROBHOSIWI SEKARTAJI', 'P', 18, 'A', NULL, NULL),
	(558, '18141', '0024257888', 'RIZKA YULIANASARI', 'P', 18, 'A', NULL, NULL),
	(559, '18142', '0017810432', 'SALSABILLA RAMADHANI', 'P', 18, 'A', NULL, NULL),
	(560, '18143', '0024174665', 'SANGADAH', 'P', 18, 'A', NULL, NULL),
	(561, '18144', '0020819080', 'SEPTIA NINGRUM', 'P', 18, 'A', NULL, NULL),
	(562, '18145', '0024779524', 'SITI KHARSANAH', 'P', 18, 'A', NULL, NULL),
	(563, '18146', '0024217349', 'SITI MUTMAINAH', 'P', 18, 'A', NULL, NULL),
	(564, '18147', '0012191430', 'TRI PUJI SAYEKTI', 'P', 18, 'A', NULL, NULL),
	(565, '18148', '0024217385', 'VIKKA RAHAYU', 'P', 18, 'A', NULL, NULL),
	(566, '18149', '0024124395', 'WAHYUNI', 'P', 18, 'A', NULL, NULL),
	(567, '18150', '0017732882', 'ADE RISKA MAYAMA DEWI', 'P', 19, 'A', NULL, NULL),
	(568, '18151', '0011630116', 'ADHITYA BAYU NUGROHO', 'L', 19, 'A', NULL, NULL),
	(569, '18152', '0024170458', 'AGUSTIN EKA PUTRI PAMUNGKAS', 'P', 19, 'A', NULL, NULL),
	(570, '18153', ';0024175067', 'ANITA NURMALASARI', 'P', 19, 'A', NULL, NULL),
	(571, '18154', '0027135391', 'APRILINA NOVIAWANTY', 'P', 19, 'A', NULL, NULL),
	(572, '18155', '0017732911', 'ARGA ELVINA GIOVANNI', 'P', 19, 'A', NULL, NULL),
	(573, '18156', '0024170529', 'DEA NUR AMALIA', 'P', 19, 'A', NULL, NULL),
	(574, '18157', '0024174990', 'DINDA RAHMA AZZAHRA', 'P', 19, 'A', NULL, NULL),
	(575, '18158', '0001062930', 'DONI HENDRAWAN', 'L', 19, 'A', NULL, NULL),
	(576, '18159', '00210659487', 'DWI PURNAMA SARI', 'P', 19, 'A', NULL, NULL),
	(577, '18160', '0024175108', 'GALUH PRAMESTI ANNA MAULIA', 'P', 19, 'A', NULL, NULL),
	(578, '18161', '9996516620', 'HARIYATI', 'P', 19, 'A', NULL, NULL),
	(579, '18162', '0024174935', 'ISNA PERMATA SARI', 'P', 19, 'A', NULL, NULL),
	(580, '18163', '0020718863', 'MARATUL ADABIYAH', 'P', 19, 'A', NULL, NULL),
	(581, '18164', '0028465220', 'MAR\'ATUS SHOLIHAH', 'P', 19, 'A', NULL, NULL),
	(582, '18165', '0024257892', 'MITHA NINDYANTARI', 'P', 19, 'A', NULL, NULL),
	(583, '18166', '0017810939', 'MUHAMMAD RASYID', 'L', 19, 'A', NULL, NULL),
	(584, '18167', '0021153163', 'NASIKHATUL ISROIYAH', 'P', 19, 'A', NULL, NULL),
	(585, '18168', '0024170708', 'NOVI ARIDA', 'P', 19, 'A', NULL, NULL),
	(586, '18169', '0011986802', 'NUR APRILIANA', 'P', 19, 'A', NULL, NULL),
	(587, '18170', '0018115580', 'RINA SAPUTRI', 'P', 19, 'A', NULL, NULL),
	(588, '18171', '0020884259', 'SAFINGATUL MAESAROH', 'P', 19, 'A', NULL, NULL),
	(589, '18172', '0017736995', 'SAFITRI', 'P', 19, 'A', NULL, NULL),
	(590, '18173', '0024175189', 'SALSABILA AZ ZAHRA', 'P', 19, 'A', NULL, NULL),
	(591, '18174', '0024170516', 'SEPTIYA WIDIYANINGSIH', 'P', 19, 'A', NULL, NULL),
	(592, '18175', '0024174962', 'SHINTA DEWI RAHMAWATI', 'P', 19, 'A', NULL, NULL),
	(593, '18176', '', 'SITI ALFIAH', 'P', 19, 'A', NULL, NULL),
	(594, '18177', '0024219060', 'SUCI SETIANINGRUM', 'P', 19, 'A', NULL, NULL),
	(595, '18178', '0005820119', 'SULASTRI', 'P', 19, 'A', NULL, NULL),
	(596, '18179', '0015550254', 'VINY SEBRIYANTI', 'P', 19, 'A', NULL, NULL),
	(597, '18180', '0028818004', 'WAHYU EKA SAPUTRI', 'P', 19, 'A', NULL, NULL),
	(598, '18182', '0024257972', 'YUNITASARI', 'P', 19, 'A', NULL, NULL),
	(599, '18183', '0024174754', 'YUNITA NURVIANA', 'P', 19, 'A', NULL, NULL),
	(600, '18184', '', 'ADINDA AYU WARDANI', 'P', 20, 'A', NULL, NULL),
	(601, '18185', '0025923288', 'AFANSA DIANITA', 'P', 20, 'A', NULL, NULL),
	(602, '18186', '0017094447', 'AI NUR AENI', 'P', 20, 'A', NULL, NULL),
	(603, '18187', '0024158283', 'AMELLIYA NOER SOEDIYA', 'P', 20, 'A', NULL, NULL),
	(604, '18188', '0020884256', 'ANDIN MAHARDINI', 'P', 20, 'A', NULL, NULL),
	(605, '18189', '0004137375', 'DEVI FITRIYANI', 'P', 20, 'A', NULL, NULL),
	(606, '18190', '0024175188', 'DEWI NUR HIDAYATI', 'P', 20, 'A', NULL, NULL),
	(607, '18191', '', 'DEXINTA MARGIWANTI', 'P', 20, 'A', NULL, NULL),
	(608, '18192', '0036162299', 'DHEA EKA PRASETYORINI', 'P', 20, 'A', NULL, NULL),
	(609, '18193', '0024219476', 'ERIKA NURCAHYANI', 'P', 20, 'A', NULL, NULL),
	(610, '18194', '0017799614', 'ESTRI RIYA IRFANGIYAH', 'P', 20, 'A', NULL, NULL),
	(611, '18195', '', 'FATIKAH MAHARANI', 'P', 20, 'A', NULL, NULL),
	(612, '18196', '0027326096', 'FATIMAH HAMDI MARDHIYYAH', 'P', 20, 'A', NULL, NULL),
	(613, '18197', '0005200368', 'FITRI WULANINGSIH', 'P', 20, 'A', NULL, NULL),
	(614, '18198', '0024170105', 'LATHIFAH NISSA AFAHMA', 'P', 20, 'A', NULL, NULL),
	(615, '18199', '0024002742', 'LUCKY HENDRIANA SAFITRI', 'P', 20, 'A', NULL, NULL),
	(616, '18200', '0012186047', 'NONIK DATUL KORIYAH', 'P', 20, 'A', NULL, NULL),
	(617, '18201', '0011592398', 'PUJI ASTUTI', 'P', 20, 'A', NULL, NULL),
	(618, '18202', '0024170128', 'PUJI LESTARI', 'P', 20, 'A', NULL, NULL),
	(619, '18203', '0010859492', 'SEPHYA NIRWANA PUTRI', 'P', 20, 'A', NULL, NULL),
	(620, '18204', '0024175074', 'SINTA GALUH REJEKI', 'P', 20, 'A', NULL, NULL),
	(621, '18205', '0024219470', 'SISKA SETYANI', 'P', 20, 'A', NULL, NULL),
	(622, '18206', '0026207460', 'SITI ROHMAH', 'P', 20, 'A', NULL, NULL),
	(623, '18207', '0020884253', 'SRI MUJIASIH', 'P', 20, 'A', NULL, NULL),
	(624, '18208', '', 'SUJI RAHAYU', 'P', 20, 'A', NULL, NULL),
	(625, '18209', '9995277751', 'SULASTRININGSIH', 'P', 20, 'A', NULL, NULL),
	(626, '18210', '0020743114', 'SUNDARI', 'P', 20, 'A', NULL, NULL),
	(627, '18211', '0006036906', 'SURYANTI', 'P', 20, 'A', NULL, NULL),
	(628, '18212', '0024170138', 'TRI WULANDARI', 'P', 20, 'A', NULL, NULL),
	(629, '18214', '0013270750', 'UMI NGAFIYATUS SHOLIKHAH', 'P', 20, 'A', NULL, NULL),
	(630, '18215', '0024217517', 'WIWIK PUJI ASTUTI', 'P', 20, 'A', NULL, NULL),
	(631, '18216', '0023248970', 'ZENI ANDRIYANI', 'P', 20, 'A', NULL, NULL),
	(632, '18217', '0024170996', 'ADELITA SHILVIA PUTRI', 'P', 21, 'A', NULL, NULL),
	(633, '18218', '0021147933', 'AISYAH DEWI CAHYANI', 'P', 21, 'A', NULL, NULL),
	(634, '18219', '0024170752', 'APRILLIA HERAWATI', 'P', 21, 'A', NULL, NULL),
	(635, '18220', '0017732612', 'DEA PUTRI IRAWATI', 'P', 21, 'A', NULL, NULL),
	(636, '18221', '0010534319', 'DEWI PUSPANINGRUM', 'P', 21, 'A', NULL, NULL),
	(637, '18222', '0024153053', 'DEWI RATNA OCTAVIANY', 'P', 21, 'A', NULL, NULL),
	(638, '18223', '0028368200', 'DIAH ARIANI', 'P', 21, 'A', NULL, NULL),
	(639, '18224', '0024170091', 'ELIANA ERLI SAHARANI', 'P', 21, 'A', NULL, NULL),
	(640, '18225', '0020248358', 'ENDAH WIDIAWATI', 'P', 21, 'A', NULL, NULL),
	(641, '18226', '0024170765', 'FRENADA SEKAR ARUM', 'P', 21, 'A', NULL, NULL),
	(642, '18227', '0017810502', 'INTAN DEWI SAFITRI', 'P', 21, 'A', NULL, NULL),
	(643, '18228', '0016626053', 'KHOFIFAH BAITUNI', 'P', 21, 'A', NULL, NULL),
	(644, '18229', '0012191442', 'KUSTIADI', 'L', 21, 'A', NULL, NULL),
	(645, '18230', '0017732067', 'LASTRI NOVACITIN', 'P', 21, 'A', NULL, NULL),
	(646, '18231', '0013313901', 'MIA RUNNISA', 'P', 21, 'A', NULL, NULL),
	(647, '18232', '0017736989', 'MURNI AMALINA', 'P', 21, 'A', NULL, NULL),
	(648, '18235', '0010953997', 'NUR YANDARI', 'P', 21, 'A', NULL, NULL),
	(649, '18236', '0018394807', 'OKTARANI RESTU GUNTARI', 'P', 21, 'A', NULL, NULL),
	(650, '18237', '0028686767', 'RINA HERLINA', 'P', 21, 'A', NULL, NULL),
	(651, '18238', '0014351372', 'ROHMIATUN', 'P', 21, 'A', NULL, NULL),
	(652, '18239', '0024174889', 'RUFINGAH', 'P', 21, 'A', NULL, NULL),
	(653, '18240', '0024170898', 'SEKAR KESUMAWATI', 'P', 21, 'A', NULL, NULL),
	(654, '18241', '0024170563', 'SITI LATHIFA TUZZUHRO', 'P', 21, 'A', NULL, NULL),
	(655, '18242', '0028488746', 'SITI NUR ANISA', 'P', 21, 'A', NULL, NULL),
	(656, '18243', '0024092967', 'SUMIATI', 'P', 21, 'A', NULL, NULL),
	(657, '18244', '0024153033', 'TAFRIHATUL HASANAH', 'P', 21, 'A', NULL, NULL),
	(658, '18245', '0012822398', 'TARWIYAH', 'P', 21, 'A', NULL, NULL),
	(659, '18246', '0029317505', 'TRI HENIK RAHMAWATI', 'P', 21, 'A', NULL, NULL),
	(660, '18247', '0019158995', 'TRI WAHYUNI', 'P', 21, 'A', NULL, NULL),
	(661, '18248', '0029301713', 'TRIYAH SEPTIANI', 'P', 21, 'A', NULL, NULL),
	(662, '18249', '0008067472', 'WAHYU PURWOKO', 'L', 21, 'A', NULL, NULL),
	(663, '18250', '0028846275', 'YADI NUGRAHA', 'L', 21, 'A', NULL, NULL),
	(664, '18251', '0011595967', 'ZULIA PRATIWI', 'P', 21, 'A', NULL, NULL),
	(665, '18252', '0024778984', 'ADELIA SAFITRI', 'P', 24, 'A', NULL, NULL),
	(666, '18253', '0022770041', 'ARUM PUSPITASARI', 'P', 24, 'A', NULL, NULL),
	(667, '18254', '0024779102', 'AYU PUTRI PUSPITANINGSIH', 'P', 24, 'A', NULL, NULL),
	(668, '18255', '0028628426', 'DITA DWI LESTARI', 'P', 24, 'A', NULL, NULL),
	(669, '18256', '0024217361', 'ENDANG NURCHOLIFAH', 'P', 24, 'A', NULL, NULL),
	(670, '18257', '0004077592', 'FERA PRASTYONINGSIH', 'P', 24, 'A', NULL, NULL),
	(671, '18258', '0024174997', 'GALUH SARINAWANG', 'P', 24, 'A', NULL, NULL),
	(672, '18259', '0029000151', 'HASTIN RAHMADYAH NAVITASARY', 'P', 24, 'A', NULL, NULL),
	(673, '18260', '0012661222', 'ISROWIYAH', 'P', 24, 'A', NULL, NULL),
	(674, '18261', '0025249799', 'KARTIKA DWI YULIANI', 'P', 24, 'A', NULL, NULL),
	(675, '18262', '0027646810', 'KUNTUM PUSPITA DEWI', 'P', 24, 'A', NULL, NULL),
	(676, '18263', '0024175007', 'LAILA MUHIBATUL ULUM', 'P', 24, 'A', NULL, NULL),
	(677, '18264', '0024174844', 'LATIFA KUSTIYANINGRUM', 'P', 24, 'A', NULL, NULL),
	(678, '18265', '0024153054', 'LESTIANA INDRIANI', 'P', 24, 'A', NULL, NULL),
	(679, '18266', '', 'NESYA OKHSITA', 'P', 24, 'A', NULL, NULL),
	(680, '18267', '0024779114', 'RADINI NOVIANTI', 'P', 24, 'A', NULL, NULL),
	(681, '18268', '0024153062', 'RATNA MUSLIKANINGRUM', 'P', 24, 'A', NULL, NULL),
	(682, '18269', '0013284258', 'REZA MARISCA', 'P', 24, 'A', NULL, NULL),
	(683, '18270', '0024153118', 'RIRIN BERLIANA PUTRI', 'P', 24, 'A', NULL, NULL),
	(684, '18271', '', 'RIRRI CYNDITIA PUTRI', 'P', 24, 'A', NULL, NULL),
	(685, '18272', '0021820592', 'RIZKI ANTIKA', 'P', 24, 'A', NULL, NULL),
	(686, '18273', '0024170665', 'RIZKI NUR AISAH', 'P', 24, 'A', NULL, NULL),
	(687, '18274', '0013222743', 'RIZKI WULANDARI OKTAVIA', 'P', 24, 'A', NULL, NULL),
	(688, '18275', '0022506655', 'SAFA ARIYANI', 'P', 24, 'A', NULL, NULL),
	(689, '18276', '0017838321', 'SALMA', 'P', 24, 'A', NULL, NULL),
	(690, '18277', '', 'SEFINA RAMADHANTI', 'P', 24, 'A', NULL, NULL),
	(691, '18278', '', 'SEPTIANA IKA WIDHIASTUTI', 'P', 24, 'A', NULL, NULL),
	(692, '18279', '0024170173', 'SITI FATIMAH', 'P', 24, 'A', NULL, NULL),
	(693, '18280', '0030335939', 'SITI NUR ROFINGAH', 'P', 24, 'A', NULL, NULL),
	(694, '18281', '0024257254', 'SRI KHUSNAINI', 'P', 24, 'A', NULL, NULL),
	(695, '18282', '0021295778', 'SUSMITA PUTRI LESTARI', 'P', 24, 'A', NULL, NULL),
	(696, '18283', '0022449592', 'VENI YANUARITA', 'P', 24, 'A', NULL, NULL),
	(697, '18284', '0001924052', 'YUNDHA RHIZKA AMALIA', 'P', 24, 'A', NULL, NULL),
	(698, '18285', '0014795348', 'ALFIANA KHOIRIYAH', 'P', 25, 'A', NULL, NULL),
	(699, '18286', '0011593140', 'ANA LISTYANINGSIH', 'P', 25, 'A', NULL, NULL),
	(700, '18287', '', 'ANGGUN LESTARI RAHAYU', 'P', 25, 'A', NULL, NULL),
	(701, '18288', '0010955194', 'ARI FITRIANI', '', 25, 'A', NULL, NULL),
	(702, '18289', '', 'AULIA TRI ANASTIA', 'P', 25, 'A', NULL, NULL),
	(703, '18290', '0021968042', 'AYU ALIYAH SETIYANINGSIH', 'P', 25, 'A', NULL, NULL),
	(704, '18291', '0018115297', 'CAHYANI PUJI ASTUTI', 'P', 25, 'A', NULL, NULL),
	(705, '18292', '0015139404', 'DEWI SAFITRI', 'P', 25, 'A', NULL, NULL),
	(706, '18293', '0024170724', 'DITA PRAMESTI WARDANI', 'P', 25, 'A', NULL, NULL),
	(707, '18294', '0029641230', 'EKA ROHYANI', 'P', 25, 'A', NULL, NULL),
	(708, '18295', '0010777326', 'ENDAH PUSPITASARI', 'P', 25, 'A', NULL, NULL),
	(709, '18296', '0010534491', 'ERI SUSANTI', 'P', 25, 'A', NULL, NULL),
	(710, '18297', '', 'FEPI PUJI ASTUTI', 'P', 25, 'A', NULL, NULL),
	(711, '18298', '', 'FINNA MAYLANINGSIH', 'P', 25, 'A', NULL, NULL),
	(712, '18299', '0021549946', 'HALIMAH SA\'DIYAH', 'P', 25, 'A', NULL, NULL),
	(713, '18300', '', 'HANI LISTIANI', 'P', 25, 'A', NULL, NULL),
	(714, '18301', '0024217392', 'INDAH APRILIA', 'P', 25, 'A', NULL, NULL),
	(715, '18302', '0010534436', 'IRMA ZUNIARTI', 'P', 25, 'A', NULL, NULL),
	(716, '18303', '', 'KHOIRUL SAIDAH SANI', 'P', 25, 'A', NULL, NULL),
	(717, '18304', '0024779273', 'LILIS REJEKI', 'P', 25, 'A', NULL, NULL),
	(718, '18305', '0024092124', 'MAYANINGRUM ', 'P', 25, 'A', NULL, NULL),
	(719, '18306', '0010859629', 'MERLINDA ', 'P', 25, 'A', NULL, NULL),
	(720, '18307', '0030336103', 'NANDA RAHMA PUTRI', 'P', 25, 'A', NULL, NULL),
	(721, '18308', '0022809809', 'NIKEN WULANDARI', 'P', 25, 'A', NULL, NULL),
	(722, '18309', '0020882120', 'NOPI HARYANTI', 'P', 25, 'A', NULL, NULL),
	(723, '18310', '0012520568', 'NURI WIDAYANTI', 'P', 25, 'A', NULL, NULL),
	(724, '18311', '0020116939', 'NURYAHNA FATHAH MUSLIMAH', 'P', 25, 'A', NULL, NULL),
	(725, '18312', '0024174770', 'PRIMA PRASTIKASARI', 'P', 25, 'A', NULL, NULL),
	(726, '18313', '0024153058', 'PUTRI NILAM SARI', 'P', 25, 'A', NULL, NULL),
	(727, '18314', '', 'RASHIFAH SUTA FAUZIYYAH', 'P', 25, 'A', NULL, NULL),
	(728, '18315', '', 'RISKY RAHMA DINA', 'P', 25, 'A', NULL, NULL),
	(729, '18316', '0019260250', 'SELLY ALVINA DAMAYANTI', 'P', 25, 'A', NULL, NULL),
	(730, '18318', '0024175174', 'SUIN MINASTRI', 'P', 25, 'A', NULL, NULL),
	(731, '18319', '', 'TRI YULAENI', 'P', 25, 'A', NULL, NULL),
	(732, '18320', '', 'VITA APRIYANI', 'P', 25, 'A', NULL, NULL),
	(733, '18321', '0030335945', 'ADELA TRI NUGRAHAENI', 'P', 26, 'A', NULL, NULL),
	(734, '18322', '0011514289', 'ANGGITA RAHMA DAMAYANTI', '', 26, 'A', NULL, NULL),
	(735, '18323', '0003347904', 'ANISA DIYAH UTAMI', 'P', 26, 'A', NULL, NULL),
	(736, '18324', '', 'APRILINDA DYAH LESTARI', 'P', 26, 'A', NULL, NULL),
	(737, '18325', '0024175148', 'ARIYANI', 'P', 26, 'A', NULL, NULL),
	(738, '18326', '0011512902', 'ARUM WULANDARI', 'P', 26, 'A', NULL, NULL),
	(739, '18327', '0020883683', 'AYUN SUNDARI', 'P', 26, 'A', NULL, NULL),
	(740, '18328', '0010534421', 'DESI HARYANTI', 'P', 26, 'A', NULL, NULL),
	(741, '18329', '0024170199', 'DEVI ARIATUN', 'P', 26, 'A', NULL, NULL),
	(742, '18330', '0024219051', 'DWI WAHYU WIDAYATI', 'P', 26, 'A', NULL, NULL),
	(743, '18331', '0017736958', 'ENI ERMAWATI', 'P', 26, 'A', NULL, NULL),
	(744, '18332', '9990262903', 'ERI ERAWATI', 'P', 26, 'A', NULL, NULL),
	(745, '18333', '0037389132', 'ESTI RAHMADHANI', 'P', 26, 'A', NULL, NULL),
	(746, '18334', '0024174972', 'HASNA TSANI FIRDAUSA', 'P', 26, 'A', NULL, NULL),
	(747, '18335', '0018115568', 'HELLINA CHOIRUL ASPARINDA', 'P', 26, 'A', NULL, NULL),
	(748, '18336', '0017799636', 'HESTI NURCAHYANI', 'P', 26, 'A', NULL, NULL),
	(749, '18337', '0003542211', 'IQSA KURNIA ARVANTO', '', 26, 'A', NULL, NULL),
	(750, '18338', '0024153253', 'MEYLIA SETYARINI', 'P', 26, 'A', NULL, NULL),
	(751, '18339', '', 'MUHAMMAD RIZKI', 'L', 26, 'A', NULL, NULL),
	(752, '18340', '0024170187', 'NANDANA DILLAN PRASETYO', 'L', 26, 'A', NULL, NULL),
	(753, '18341', '', 'NIA HANDAYANI', 'P', 26, 'A', NULL, NULL),
	(754, '18342', '0017839666', 'NOVITA SHOLEHA', 'P', 26, 'A', NULL, NULL),
	(755, '18343', '0013075520', 'NUR HASANAH', 'P', 26, 'A', NULL, NULL),
	(756, '18344', '0010859374', 'PUTRI ANDRIYANI', 'P', 26, 'A', NULL, NULL),
	(757, '18345', '0010954587', 'PUTRI MULTAHZIMAH', 'P', 26, 'A', NULL, NULL),
	(758, '18346', '', 'RINDIANI', 'P', 26, 'A', NULL, NULL),
	(759, '18347', '0010424096', 'ROKHIMATUS SA\'DIYAH', 'P', 26, 'A', NULL, NULL),
	(760, '18348', '0009898538', 'SAWITRI ELA SARI', 'P', 26, 'A', NULL, NULL),
	(761, '18350', '0000124624', 'SIVA USWATUN CHASANAH', 'P', 26, 'A', NULL, NULL),
	(762, '18351', '0013851799', 'SIWI BUDIARTI', 'P', 26, 'A', NULL, NULL),
	(763, '18352', '0017799641', 'TYAS PUDYASTUTI', 'P', 26, 'A', NULL, NULL),
	(764, '18353', '', 'WINARNI', 'P', 26, 'A', NULL, NULL),
	(765, '18354', '0022679679', 'YUNING TYAS A\'ALIYAH SARI', 'P', 26, 'A', NULL, NULL),
	(766, '18356', '0024216931', 'AFITROTUL AKMALIA', 'P', 27, 'A', NULL, NULL),
	(767, '18357', '0011655679', 'AMELIA ANGESTI', 'P', 27, 'A', NULL, NULL),
	(768, '18358', '0024170273', 'ANI YULIASTUTI', 'P', 27, 'A', NULL, NULL),
	(769, '18359', '', 'ANISA LAILATUL FAIZAH', 'P', 27, 'A', NULL, NULL),
	(770, '18360', '0024175146', 'AYU WULANDARI', 'P', 27, 'A', NULL, NULL),
	(771, '18361', '', 'BILQISH CHAERANI NADUVA NUKHBAH', 'P', 27, 'A', NULL, NULL),
	(772, '18362', '0019074537', 'DESTIANA FITRIANI', 'P', 27, 'A', NULL, NULL),
	(773, '18363', '0024170088', 'DEWI MEISIROH', 'P', 27, 'A', NULL, NULL),
	(774, '18364', '0013232974', 'DIKA MUTIARA PUTRI ARNASTA', 'P', 27, 'A', NULL, NULL),
	(775, '18365', '0017736964', 'DWI SULIS SETYAWATI', 'P', 27, 'A', NULL, NULL),
	(776, '18366', '0006967567', 'ERITA', 'P', 27, 'A', NULL, NULL),
	(777, '18367', '', 'ERNI JUNIATI', 'P', 27, 'A', NULL, NULL),
	(778, '18368', '0024174963', 'EVA ERVIANA', 'P', 27, 'A', NULL, NULL),
	(779, '18369', '0024779442', 'INDAH LAILATUS SAFIROH', 'P', 27, 'A', NULL, NULL),
	(780, '18370', '0024174726', 'KAULA WIDAYANTI', 'P', 27, 'A', NULL, NULL),
	(781, '18371', '0024779267', 'KHOFIFAH', 'P', 27, 'A', NULL, NULL),
	(782, '18373', '0017838370', 'MENUR', 'P', 27, 'A', NULL, NULL),
	(783, '18374', '0013232967', 'MIFTACHUL UMAMAH', 'P', 27, 'A', NULL, NULL),
	(784, '18375', '9996720813', 'NOVITA', 'P', 27, 'A', NULL, NULL),
	(785, '18376', '0012706634', 'NURI FATMAWATI', 'P', 27, 'A', NULL, NULL),
	(786, '18377', '0020990969', 'NURUL DWI WAHYUNINGSIH', 'P', 27, 'A', NULL, NULL),
	(787, '18378', '0026602006', 'RETNO PUTRI', 'P', 27, 'A', NULL, NULL),
	(788, '18379', '0008039297', 'RIA BUDIARTI', 'P', 27, 'A', NULL, NULL),
	(789, '18380', '0009375164', 'RIZKI INDRIANI', 'P', 27, 'A', NULL, NULL),
	(790, '18381', '0026878266', 'SANIAH EKA PERTIWI', 'P', 27, 'A', NULL, NULL),
	(791, '18382', '0024217174', 'SEPTI MAWAR DANI', 'P', 27, 'A', NULL, NULL),
	(792, '18383', '', 'SYFA DWI NURAULIA', 'P', 27, 'A', NULL, NULL),
	(793, '18384', '', 'TASIYAH', 'P', 27, 'A', NULL, NULL),
	(794, '18385', '0024219075', 'TIKA FEBRIYANTI', 'P', 27, 'A', NULL, NULL),
	(795, '18386', '0016727292', 'TYAS OKTAVYANI', 'P', 27, 'A', NULL, NULL),
	(796, '18387', '', 'USKIATUN KHASSANAH', 'P', 27, 'A', NULL, NULL),
	(797, '18388', '', 'WIJI LESTARI', 'P', 27, 'A', NULL, NULL),
	(798, '18389', '0020117014', 'YENIATI', 'P', 27, 'A', NULL, NULL),
	(799, '18390', '0002877646', 'YULI PURWANINGSIH', 'P', 27, 'A', NULL, NULL),
	(800, '18391', '0024217436', 'AGHNIA AISYAH', 'P', 22, 'A', NULL, NULL),
	(801, '18392', '', 'ANGGUN KURNIA SARI', 'P', 22, 'A', NULL, NULL),
	(802, '18393', '0006841469', 'ANNISA FAUZIAH', 'P', 22, 'A', NULL, NULL),
	(803, '18394', '0010777857', 'ATIKA NOVIANA SULISTYANIX', 'P', 22, 'A', NULL, NULL),
	(804, '18395', '0011630497', 'DIAH AYU SAFITRI ', 'P', 22, 'A', NULL, NULL),
	(805, '18396', '0024217357', 'FADZILAH ARUM LESTARI', 'P', 22, 'A', NULL, NULL),
	(806, '18397', '0024091958', 'FEBRIYANTI', 'P', 22, 'A', NULL, NULL),
	(807, '18398', '', 'FIFI SUSANTI', 'P', 22, 'A', NULL, NULL),
	(808, '18399', '0024153131', 'ISTI JABATUL BAROKAH', 'P', 22, 'A', NULL, NULL),
	(809, '18400', '0017732625', 'KHOIRUN NISA', 'P', 22, 'A', NULL, NULL),
	(810, '18401', '0026845517', 'KUNNI AZIZAH', 'P', 22, 'A', NULL, NULL),
	(811, '18402', '0024779447', 'LIA INDRIYANI', 'P', 22, 'A', NULL, NULL),
	(812, '18403', '', 'LISA EMELIA WANDANI', 'P', 22, 'A', NULL, NULL),
	(813, '18404', '009685965', 'MARTHA ALYA ROHALI', 'P', 22, 'A', NULL, NULL),
	(814, '18405', '0027188912', 'MEY TRI UTAMI', 'P', 22, 'A', NULL, NULL),
	(815, '18406', '0017688857', 'NANI SRIWAHYUNI', 'P', 22, 'A', NULL, NULL),
	(816, '18407', '0017732604', 'NISSA ANJANI', '', 22, 'T', NULL, 'Pindah ke Jakarta 24/11/2018'),
	(817, '18408', '0004137396', 'NOVIYANI', 'P', 22, 'A', NULL, NULL),
	(818, '18409', '0024170175', 'PUJI WAHYU SITI FATIMAH', 'P', 22, 'A', NULL, NULL),
	(819, '18410', '0010954646', 'QONI MASRUROH', 'P', 22, 'A', NULL, NULL),
	(820, '18411', '0013522105', 'RETNOWATI', 'P', 22, 'A', NULL, NULL),
	(821, '18412', '0004453864', 'RINA KUSTANTI', 'P', 22, 'A', NULL, NULL),
	(822, '18413', '0027135409', 'SEPTI TRIANA WULANDARI', 'P', 22, 'A', NULL, NULL),
	(823, '18414', '0017810950', 'SINDY NOVITASARI', 'P', 22, 'A', NULL, NULL),
	(824, '18415', '0003198634', 'SUSILOWATI', 'P', 22, 'A', NULL, NULL),
	(825, '18416', '', 'ULFATUN AINI IKFIMUKAROMAH', 'P', 22, 'A', NULL, NULL),
	(826, '18417', '', 'YEPI PURWANINGSIH', 'P', 22, 'A', NULL, NULL),
	(827, '18418', '0017810592', 'YOSSY LAMNORA HARAHAP', 'P', 22, 'A', NULL, NULL),
	(828, '18419', '0010522505', 'AMANAH RIZQI SALAMAH', 'P', 23, 'A', NULL, NULL),
	(829, '18420', '0024217382', 'AMRINA RISTIKA SARI', 'P', 23, 'A', NULL, NULL),
	(830, '18421', '0024170710', 'ANNISA AYU WULANDARI', 'P', 23, 'A', NULL, NULL),
	(831, '18423', '000102555', 'DEVI YAMIATUN', 'P', 23, 'A', NULL, NULL),
	(832, '18424', '003771324', 'DIKA WINDI ASTUTI', '', 23, 'A', NULL, NULL),
	(833, '18425', '0024217225', 'ELENTIKA SAFITRI', 'P', 23, 'A', NULL, NULL),
	(834, '18426', '0010534382', 'ELSA SYAHRANI', 'P', 23, 'A', NULL, NULL),
	(835, '18427', '0010859356', 'ERNA INDRASWARI', 'P', 23, 'A', NULL, NULL),
	(836, '18428', '0012109340', 'FARIHATUL MUNAJAH', 'P', 23, 'A', NULL, NULL),
	(837, '18429', '0006236403', 'FISCA APRILLIA', 'P', 23, 'A', NULL, NULL),
	(838, '18430', '0024174915', 'HANIFAH  HASNA NURAINI', 'P', 23, 'A', NULL, NULL),
	(839, '18431', '0029998688', 'KIKI RINATA', 'P', 23, 'A', NULL, NULL),
	(840, '18432', '0010776698', 'KIKI RIZKIANA', 'P', 23, 'A', NULL, NULL),
	(841, '18433', '0014177210', 'MAULANA DIAN NOVITASARI', 'P', 23, 'A', NULL, NULL),
	(842, '18434', '0010522506', 'NOVI PRASTIWI', 'P', 23, 'A', NULL, NULL),
	(843, '18435', '', 'NUR AZIZA RIA UTAMI', 'P', 23, 'A', NULL, NULL),
	(844, '18436', '0020413403', 'NURUL HASANAH', 'P', 23, 'A', NULL, NULL),
	(845, '18437', '0018110482', 'PUPUT OKTA RESTIYANI', 'P', 23, 'A', NULL, NULL),
	(846, '18438', '0025001586', 'RIKA OKTAVIANA', 'P', 23, 'A', NULL, NULL),
	(847, '18439', '0024628151', 'RISKI FEBRIANDARI', 'P', 23, 'A', NULL, NULL),
	(848, '18440', '0003910741', 'RITA SAFITRI', 'P', 23, 'A', NULL, NULL),
	(849, '18441', '0024779390', 'SEPTI ASMOROWATI', 'P', 23, 'A', NULL, NULL),
	(850, '18442', '0029379185', 'SITI FATIMAH', 'P', 23, 'A', NULL, NULL),
	(851, '18444', '9971286773', 'WASILATUN', 'P', 23, 'A', NULL, NULL),
	(852, '18445', '0017499484', 'WINDA RAHMAWATI', 'P', 23, 'A', NULL, NULL),
	(853, '18446', '0027496616', 'ALIA DEVIANTI', 'P', 28, 'A', NULL, NULL),
	(854, '18447', '0013561729', 'ANNISA AULIA ISTIQOMAH', 'P', 28, 'A', NULL, NULL),
	(855, '18448', '0024175088', 'ANNISA ZULFA', 'P', 28, 'A', NULL, NULL),
	(856, '18449', '0013270721', 'AUFA RANIAH', 'P', 28, 'A', NULL, NULL),
	(857, '18450', '0029292893', 'DIAH PUTRI ANISA', 'P', 28, 'A', NULL, NULL),
	(858, '18451', '0011680062', 'DWI MARCELINA NINGSARI', 'P', 28, 'A', NULL, NULL),
	(859, '18452', '0005230136', 'EKA SELFIA', 'P', 28, 'A', NULL, NULL),
	(860, '18453', '9980602809', 'ELISA ', 'P', 28, 'A', NULL, NULL),
	(861, '18454', '', 'ESTI UTAMI', 'P', 28, 'A', NULL, NULL),
	(862, '18455', '0030957899', 'EVA YUTANTI', 'P', 28, 'A', NULL, NULL),
	(863, '18456', '0024779444', 'FAJAR YULIANTI', 'P', 28, 'A', NULL, NULL),
	(864, '18457', '0024279893', 'FEBBY DIAN LESTARI', 'P', 28, 'A', NULL, NULL),
	(865, '18458', '0010857624', 'FELLA SHUFFAH ZAIN', 'P', 28, 'A', NULL, NULL),
	(866, '18459', '0002600585', 'FIFI RATNANINGSIH', 'P', 28, 'A', NULL, NULL),
	(867, '18460', '0014832022', 'FITRI ALFIANA', 'P', 28, 'A', NULL, NULL),
	(868, '18461', '0024170040', 'HANIFAH EKA MAULANI', 'P', 28, 'A', NULL, NULL),
	(869, '18462', '0010776928', 'HENDRIANA SAMSIATUN', '', 28, 'T', NULL, 'Mengundurkan diri tgl 1 September 2018'),
	(870, '18463', '0024170508', 'IKA AMBARWATI', 'P', 28, 'A', NULL, NULL),
	(871, '18464', '0010857213', 'LINDA APRILIANA', 'P', 28, 'A', NULL, NULL),
	(872, '18465', '0010857322', 'MINARTI', 'P', 28, 'A', NULL, NULL),
	(873, '18466', '0005112436', 'MUSLIMAH NURAENI', '', 28, 'T', NULL, 'CUTI SAKIT tgl 2 - 1 - 2019'),
	(874, '18467', '0027032078', 'NADIA FITROTUNNISA', 'P', 28, 'A', NULL, NULL),
	(875, '18468', '', 'NANDITA PUSPITA SARI', 'P', 28, 'A', NULL, NULL),
	(876, '18469', '0024170069', 'PUTRI RATNA WIDYAWATI', 'P', 28, 'A', NULL, NULL),
	(877, '18470', '0024174779', 'RESTU ADILLA', 'P', 28, 'A', NULL, NULL),
	(878, '18471', '0024779111', 'RIZKA NABILA SIWI', 'P', 28, 'A', NULL, NULL),
	(879, '18472', '0013998421', 'SINTA DARA NUR AISIYAH', 'P', 28, 'A', NULL, NULL),
	(880, '18473', '0012368654', 'TRIJATI', 'P', 28, 'A', NULL, NULL),
	(881, '18474', '0017736949', 'ULFI WIDYA ASTUTI', 'P', 28, 'A', NULL, NULL),
	(882, '18475', '0011630125', 'WAHYU SETIYANINGSIH', 'P', 28, 'A', NULL, NULL),
	(883, '18476', '0004077601', 'WIWIK BUDI RAHAYU', 'P', 28, 'A', NULL, NULL),
	(884, '18477', '0013976621', 'YULIANA DWI RAHMAWATI', 'P', 28, 'A', NULL, NULL),
	(885, '18478', '0020882207', 'AGUSTI LANANG SUSETYO', 'L', 32, 'A', NULL, NULL),
	(886, '18479', '9994357517', 'ALFIN NIKMAH', 'P', 32, 'A', NULL, NULL),
	(887, '18480', '0017732668', 'ALVIAN MATAHARI RAMADHANA DHAMMARA', 'L', 32, 'A', NULL, NULL),
	(888, '18481', '0024170027', 'ANGGITO RISANGAJI PAMUTIH', 'L', 32, 'A', NULL, NULL),
	(889, '18482', '001512185', 'ASTRO KUNCORO', 'L', 32, 'A', NULL, NULL),
	(890, '18483', '0019969833', 'BAGAS PAMUNGKAS', 'L', 32, 'A', NULL, NULL),
	(891, '18484', '0022030175', 'DEWI RACHMAWATI', 'P', 32, 'A', NULL, NULL),
	(892, '18485', '0024174749', 'DIAS ASTISA HESTI', 'P', 32, 'A', NULL, NULL),
	(893, '18486', '0010954326', 'DIMAS TRI SAPUTRO', 'L', 32, 'A', NULL, NULL),
	(894, '18489', '0024779099', 'FAJAR AGUS SETIAWAN', 'L', 32, 'A', NULL, NULL),
	(895, '18490', '0024170788', 'FARID RIDWAN', 'L', 32, 'A', NULL, NULL),
	(896, '18491', '0002760339', 'GALIH ROMADHON', 'L', 32, 'A', NULL, NULL),
	(897, '18492', '0022572411', 'HAMDAN AL WAHIDIN', 'L', 32, 'A', NULL, NULL),
	(898, '18493', '0024171021', 'ILHAM PUTRANTO', 'L', 32, 'A', NULL, NULL),
	(899, '18494', '0024174695', 'LISTIANA SANTISARI', 'P', 32, 'A', NULL, NULL),
	(900, '18495', '0021819690', 'LITA ALNISIYAH', '', 32, 'T', NULL, 'Mengundurkan diri tgl 14 Januari 2019'),
	(901, '18497', '0017810966', 'MAULANA RESTU FIRMANSYAH', 'L', 32, 'A', NULL, NULL),
	(902, '18498', '0024174838', 'MUHAMAD SAMRONI', 'L', 32, 'A', NULL, NULL),
	(903, '18499', '0017839098', 'NOVI ARIYANTI', 'P', 32, 'A', NULL, NULL),
	(904, '18500', '0024170797', 'NUGROHO WISNU MURTI', 'L', 32, 'A', NULL, NULL),
	(905, '18501', '0004079182', 'OKTRI LESTARI', 'P', 32, 'A', NULL, NULL),
	(906, '18502', '9993329461', 'RAVI DWI ARYANTI', 'P', 32, 'A', NULL, NULL),
	(907, '18503', '0012280733', 'RIYAN AFIYANTO', 'L', 32, 'A', NULL, NULL),
	(908, '18506', '0017736993', 'SUCI NUR FADZILAH', 'P', 32, 'A', NULL, NULL),
	(909, '18507', '0011655677', 'TUTIK RISTRININGSIH', 'P', 32, 'A', NULL, NULL),
	(910, '18508', '0003198889', 'UTAMI', 'P', 32, 'A', NULL, NULL),
	(911, '18509', '0024779379', 'WIJI LESTARI', 'P', 32, 'A', NULL, NULL),
	(912, '18510', '0017732662', 'YOGA BAGUS WARDANA', 'L', 32, 'A', NULL, NULL),
	(913, '18511', '0020536006', 'ANDIKA ANTONIO', 'L', 33, 'A', NULL, NULL),
	(914, '18512', '0017810580', 'ARSY RAMADANI', 'L', 33, 'A', NULL, NULL),
	(915, '18513', '0024152548', 'ARYADHANI RESTUAJI', 'L', 33, 'A', NULL, NULL),
	(916, '18514', '0024175179', 'CAHYO WARDANI', 'L', 33, 'A', NULL, NULL),
	(917, '18515', '0024219483', 'DEDI SUSILO', 'L', 33, 'A', NULL, NULL),
	(918, '18516', '0019577179', 'DWI NOVIANTI', 'P', 33, 'A', NULL, NULL),
	(919, '18517', '0014732711', 'EKO HAFIT SETIAWAN', 'L', 33, 'A', NULL, NULL),
	(920, '18518', '0028360577', 'FAHMI FATKHURAHMAN', 'L', 33, 'A', NULL, NULL),
	(921, '18519', '0024217582', 'FANIA DIAH SUCI RAHMAWATI', 'P', 33, 'A', NULL, NULL),
	(922, '18520', '0024170033', 'FEBRI RIZKI PRATAMA', 'L', 33, 'A', NULL, NULL),
	(923, '18521', '0002116125', 'GIGIH SLAMET RAHARJO', 'L', 33, 'A', NULL, NULL),
	(924, '18522', '0020718646', 'JONI PATMONO', 'L', 33, 'A', NULL, NULL),
	(925, '18523', '0018158039', 'LUKY ARIYANTO', 'L', 33, 'A', NULL, NULL),
	(926, '18524', '0024175107', 'MELA ZAHROTUN NISSA', 'P', 33, 'A', NULL, NULL),
	(927, '18525', '0020880410', 'MUH MU\'ALLIM', 'L', 33, 'A', NULL, NULL),
	(928, '18526', '', 'MUHAMMAD ASA', 'L', 33, 'A', NULL, NULL),
	(929, '18527', '0011846085', 'MUHAMMAD FIRMANSYAH', 'L', 33, 'A', NULL, NULL),
	(930, '18528', '0006345781', 'MUHAMMAD MUSTAFILIN', 'L', 33, 'A', NULL, NULL),
	(931, '18529', '0017838158', 'MUHAMMAD NURUL MUSTOFA', 'L', 33, 'A', NULL, NULL),
	(932, '18530', '0029710399', 'NANDA SETIAWAN', 'L', 33, 'A', NULL, NULL),
	(933, '18531', '9985047096', 'NANDITO PURNAMA PUTRA', 'L', 33, 'A', NULL, NULL),
	(934, '18533', '0024219528', 'NAWANG  PUTRI PRAMUDIA SARY', 'P', 33, 'A', NULL, NULL),
	(935, '18534', '0024779479', 'NURI AULIA AMANDA', 'P', 33, 'A', NULL, NULL),
	(936, '18535', '?', 'RHAKA SANDY IRAWAN', 'L', 33, 'A', NULL, NULL),
	(937, '18538', '0024779419', 'SANDI PRATAMA SETIA IMANI', 'L', 33, 'A', NULL, NULL),
	(938, '18539', '0010534473', 'SEPTYANINGSIH', 'P', 33, 'A', NULL, NULL),
	(939, '18540', '0024175036', 'SITI MUKMINATUN', 'P', 33, 'A', NULL, NULL),
	(940, '18541', '0024170411', 'TEJO SAPUTRO WIBHAKSO', 'L', 33, 'A', NULL, NULL),
	(941, '18542', '0024257910', 'TRISNO ASMOKO', 'L', 33, 'A', NULL, NULL),
	(942, '18543', '0030337700', 'WAHYU PRATAMA SAPUTRA', 'L', 33, 'A', NULL, NULL),
	(943, '18544', '9994357776', 'ZANNA UVIANDHI AGUSTRIA', 'P', 33, 'A', NULL, NULL),
	(944, '18545', '0024175087', 'AJENG DWI NASTITI', 'P', 34, 'A', NULL, NULL),
	(945, '18547', '0016785043', 'ANGGA RIYADI', 'L', 34, 'A', NULL, NULL),
	(946, '18548', '0015218190', 'AULIA TRISNA DIWANINGTYAS', 'P', 34, 'A', NULL, NULL),
	(947, '18550', '0027208580', 'DENI WIDAYANTI', 'P', 34, 'A', NULL, NULL),
	(948, '18551', '0024174854', 'DIAN PRASTIKA', 'P', 34, 'A', NULL, NULL),
	(949, '18552', '0024606021', 'DINA NURMALA', 'P', 34, 'A', NULL, NULL),
	(950, '18553', '0024183230', 'DONI SETYAWAN', 'L', 34, 'A', NULL, NULL),
	(951, '18554', '0024174812', 'FELA WISANJANI', 'P', 34, 'A', NULL, NULL),
	(952, '18555', '?', 'FUADATUS SERINA', 'P', 34, 'A', NULL, NULL),
	(953, '18556', '0024170278', 'GUMA ADITYA', 'L', 34, 'A', NULL, NULL),
	(954, '18557', '0010859573', 'HESTI TRI LESTARI', 'P', 34, 'A', NULL, NULL),
	(955, '18559', '0024174912', 'KIKI WULANDARI', 'P', 34, 'A', NULL, NULL),
	(956, '18561', '0025604399', 'LILA EFITA SARI', 'P', 34, 'A', NULL, NULL),
	(957, '18562', '0024174894', 'MAUDY SEKAR UTAMI', 'P', 34, 'A', NULL, NULL),
	(958, '18563', '0024153112', 'MUHAMMAD ANUGRAH ALAMSYAH', 'L', 34, 'A', NULL, NULL),
	(959, '18564', '0024170551', 'MUHAMMAD GHUFRON', 'L', 34, 'A', NULL, NULL),
	(960, '18565', '', 'MUHAMMAD ZULIANTO', 'L', 34, 'A', NULL, NULL),
	(961, '18566', '0017838319', 'MUSTAMID RIDHO', 'L', 34, 'A', NULL, NULL),
	(962, '18567', '0024177552', 'NADHIF NABHAN RIZQULLOH', 'L', 34, 'A', NULL, NULL),
	(963, '18568', '0024219956', 'NADILA ARDIANI', 'P', 34, 'A', NULL, NULL),
	(964, '18569', '0018115463', 'NUR HANA SETIOWATI', 'P', 34, 'A', NULL, NULL),
	(965, '18570', '', 'NURJANAH', 'P', 34, 'A', NULL, NULL),
	(966, '18571', '0026345184', 'NURUL AUDITA', 'P', 34, 'A', NULL, NULL),
	(967, '18572', '0020037728', 'ROBITH AZIS IRMANTO', '', 34, 'T', NULL, 'Meninggal dunia 29 Desember 2018'),
	(968, '18573', '0024170791', 'SETIO AJI', 'L', 34, 'A', NULL, NULL),
	(969, '18574', '0024174973', 'SILVIA INDAH CAHYANI', 'P', 34, 'A', NULL, NULL),
	(970, '18575', '', 'SINDI BHARATA', 'P', 34, 'A', NULL, NULL),
	(971, '18577', '9995336871', 'WAHYU WIDA ASTUTI', 'P', 34, 'A', NULL, NULL),
	(972, '18578', '', 'ZULFATUN NI\'KMAH', 'P', 34, 'A', NULL, NULL),
	(973, '18580', '0013232969', 'ADITIA MAULANA', 'L', 29, 'A', NULL, NULL),
	(974, '18581', '0024153143', 'AGAN WIDIYANTO', 'L', 29, 'A', NULL, NULL),
	(975, '18582', '0024170284', 'AHMAD MIFTAHUL HUDA', 'L', 29, 'A', NULL, NULL),
	(976, '18583', '0011594508', 'AHMAD SYAHIDIN', 'L', 29, 'A', NULL, NULL),
	(977, '18584', '0003772521', 'AINUL ZAKIN', 'L', 29, 'A', NULL, NULL),
	(978, '18585', '0011514440', 'ANDI NUGROHO', 'L', 29, 'A', NULL, NULL),
	(979, '18586', '0024170739', 'ARIS NUGROHO', 'L', 29, 'A', NULL, NULL),
	(980, '18587', '0024217587', 'AZIZ SAPUTRO', 'L', 29, 'A', NULL, NULL),
	(981, '18588', '0011512526', 'BASTIAN AGUS SANTOSO', 'L', 29, 'A', NULL, NULL),
	(982, '18589', '0003361457', 'DERIK YUSUF ARIFIN', 'L', 29, 'A', NULL, NULL),
	(983, '18590', '0017799677', 'DINDA AYU NELLYAWATI', 'P', 29, 'A', NULL, NULL),
	(984, '18591', '0012191448', 'DINDA FADLIANSYAH', 'L', 29, 'A', NULL, NULL),
	(985, '18592', '0012191448', 'DWI HADI NUGROHO', 'L', 29, 'A', NULL, NULL),
	(986, '18593', '0024153262', 'EDO PRADANA', 'L', 29, 'A', NULL, NULL),
	(987, '18594', '0024153146', 'FATTURACHMAN PUJIANTO', 'L', 29, 'A', NULL, NULL),
	(988, '18595', '', 'FIFI AFRIANI', 'P', 29, 'A', NULL, NULL),
	(989, '18596', '0024175129', 'FURQON MA\'ARIF', 'L', 29, 'A', NULL, NULL),
	(990, '18597', '0017717187', 'HAMID SYAIFULLOH', 'L', 29, 'A', NULL, NULL),
	(991, '18598', '0024217398', 'HENDRI PANUNTUN', 'L', 29, 'A', NULL, NULL),
	(992, '18599', '0028560849', 'HERDYANSAH', 'L', 29, 'A', NULL, NULL),
	(993, '18600', '', 'MUHAMMAD BAHRUL HUDA', 'L', 29, 'A', NULL, NULL),
	(994, '18601', '0024153207', 'MUHAMMAD FAJAR SODIQ', 'L', 29, 'A', NULL, NULL),
	(995, '18602', '0016228789', 'MUHAMMAD RICO SAPUTRA', 'L', 29, 'A', NULL, NULL),
	(996, '18603', '0005860920', 'NAMARIQ MASNA', 'L', 29, 'A', NULL, NULL),
	(997, '18604', '0010534459', 'RIDHO HARI PAMBUDI', 'L', 29, 'A', NULL, NULL),
	(998, '18605', '', 'RIDZKI HUSNI MUBAROK', 'L', 29, 'A', NULL, NULL),
	(999, '18606', '0024170298', 'RISKY SOLINA', 'L', 29, 'A', NULL, NULL),
	(1000, '18607', '0024947079', 'RIZAL ADI SAPUTRA', 'L', 29, 'A', NULL, NULL),
	(1001, '18608', '', 'ROSYID AMINUDIN', 'L', 29, 'A', NULL, NULL),
	(1002, '18609', '0016798283', 'SAN SAN NOVENDRI', 'P', 29, 'A', NULL, NULL),
	(1003, '18610', '0015198621', 'SLAMET SIDIK', 'L', 29, 'A', NULL, NULL),
	(1004, '18612', '0024159988', 'TEGAR BAGAS KARA', 'L', 29, 'A', NULL, NULL),
	(1005, '18613', '0027491717', 'UGI SETIAWAN', 'L', 29, 'A', NULL, NULL),
	(1006, '18614', '0011655661', 'WIJI SETIYOKO', 'L', 29, 'A', NULL, NULL),
	(1007, '18615', '0024170689', 'YUSUF RIFA\'I', 'L', 29, 'A', NULL, NULL),
	(1008, '18616', '0010534375', 'ABDUL MUFID', 'L', 30, 'A', NULL, NULL),
	(1009, '18617', '0024170083', 'ACHMAT FEBRIYONO', 'L', 30, 'A', NULL, NULL),
	(1010, '18618', '0024170732', 'ADY KURNIA PUTRA', 'L', 30, 'A', NULL, NULL),
	(1011, '18621', '0024217526', 'BAGAS SUBAKTI RAHMAT', 'L', 30, 'A', NULL, NULL),
	(1012, '18622', '0028166637', 'BAGUS GINANJAR', 'L', 30, 'A', NULL, NULL),
	(1013, '18624', '0021982395', 'DANI YUNIYANTO', 'L', 30, 'A', NULL, NULL),
	(1014, '18625', '0024219163', 'DEDI YULIAWAN', 'L', 30, 'A', NULL, NULL),
	(1015, '18626', '0024175132', 'DWI ARYANTO', 'L', 30, 'A', NULL, NULL),
	(1016, '18627', '0024170762', 'EKO SUSILO HANDOYO', 'L', 30, 'A', NULL, NULL),
	(1017, '18628', '0021225163', 'FANI DINITA', 'P', 30, 'A', NULL, NULL),
	(1018, '18629', '0027148376', 'FINA DINANTI', 'P', 30, 'A', NULL, NULL),
	(1019, '18630', '0022003823', 'GAYUH NUR IHSAN', 'L', 30, 'A', NULL, NULL),
	(1020, '18631', '', 'GUFRON FAQIH', 'L', 30, 'A', NULL, NULL),
	(1021, '18632', '0024153241', 'IBNU WIDAD RAMADHAN', 'L', 30, 'A', NULL, NULL),
	(1022, '18633', '0024217545', 'INDRA CAHYA SAPUTRA ', 'L', 30, 'A', NULL, NULL),
	(1023, '18634', '0024152499', 'JOKO SUSILO', 'L', 30, 'A', NULL, NULL),
	(1024, '18635', '', 'KUKUH PUJI RAHARJO', 'L', 30, 'A', NULL, NULL),
	(1025, '18638', '0013481089', 'MIFTAHUL KHOERI', 'L', 30, 'A', NULL, NULL),
	(1026, '18639', '0024198753', 'MUHAMMAD TEGAR ABADI', 'L', 30, 'A', NULL, NULL),
	(1027, '18640', '0006237486', 'PUTRI LESTARI', 'P', 30, 'A', NULL, NULL),
	(1028, '18641', '0024170530', 'RANGGA SADEWA', 'L', 30, 'A', NULL, NULL),
	(1029, '18642', '0023330949', 'RENDI SETIAWAN', 'L', 30, 'A', NULL, NULL),
	(1030, '18643', '0039252179', 'RIKO DWI ARDIANTO', 'L', 30, 'A', NULL, NULL),
	(1031, '18644', '', 'RIZKI DWI ZAENAL', 'L', 30, 'A', NULL, NULL),
	(1032, '18645', '0024175049', 'RIZQI IBNU SUBARKAH', 'L', 30, 'A', NULL, NULL),
	(1033, '18646', '0024117384', 'RONAL TRISTANTO', 'L', 30, 'A', NULL, NULL),
	(1034, '18647', '0020881364', 'SABAR WIBOWO', 'L', 30, 'A', NULL, NULL),
	(1035, '18648', '0024257911', 'SAPTO WIBOWO', 'L', 30, 'A', NULL, NULL),
	(1036, '18649', '9982523965', 'SUKARJO', 'L', 30, 'A', NULL, NULL),
	(1037, '18650', '', 'TRIO BAGUS KUSUMA', 'L', 30, 'A', NULL, NULL),
	(1038, '18651', '', 'WIDIANTO', 'L', 30, 'A', NULL, NULL),
	(1039, '18652', '0010776834', 'ADHITYA YOGA PRATAMA', 'L', 31, 'A', NULL, NULL),
	(1040, '18653', '0012344236', 'AGUS SETYAWAN', 'L', 31, 'A', NULL, NULL),
	(1041, '18655', '0024779364', 'AL ABAD AHMAD SOFYAN', 'L', 31, 'A', NULL, NULL),
	(1042, '18656', '9996459054', 'ANDRY NGABEKTI', 'L', 31, 'A', NULL, NULL),
	(1043, '18657', '0029209392', 'ARIEF  FADHIL RASYID MAGRIBI', 'L', 31, 'A', NULL, NULL),
	(1044, '18658', '0012191515', 'CHOIRUL ASMARA', 'L', 31, 'A', NULL, NULL),
	(1045, '18659', '0003773375', 'DONNI WAHYU AFIANTO', 'L', 31, 'A', NULL, NULL),
	(1046, '18660', '9992172585', 'DONY ROMADHON', 'L', 31, 'A', NULL, NULL),
	(1047, '18661', '0014646752', 'DWI NUR RAHMAN', 'L', 31, 'A', NULL, NULL),
	(1048, '18662', '', 'EGOH SEPTIAJI', 'L', 31, 'A', NULL, NULL),
	(1049, '18663', '0003772348', 'EKO HERNOWO LAMBANG', 'L', 31, 'A', NULL, NULL),
	(1050, '18664', '9994357583', 'EKO NUR CAHYONO', 'L', 31, 'A', NULL, NULL),
	(1051, '18665', '0024170694', 'FARID AHMAD RIDWAN', 'L', 31, 'A', NULL, NULL),
	(1052, '18667', '0016985554', 'IBNU SETYO NUGROHO', 'L', 31, 'A', NULL, NULL),
	(1053, '18668', '0010954596', 'IMAM SAFEI ', 'L', 31, 'A', NULL, NULL),
	(1054, '18669', '0024153035', 'RENDY DIKA PRASETYA', 'L', 31, 'A', NULL, NULL),
	(1055, '18670', '', 'RIZAL ABIDIN', 'L', 31, 'A', NULL, NULL),
	(1056, '18672', '', 'RIZKY YUWONO HARI SUSANTO', 'L', 31, 'A', NULL, NULL),
	(1057, '18673', '9994357725', 'ROFIK HARTANTO', 'L', 31, 'A', NULL, NULL),
	(1058, '18674', '9988341432', 'ROUP SUPRAYOGA', 'L', 31, 'A', NULL, NULL),
	(1059, '18675', '0017717188', 'SAIFUL MUNAJIB', '', 31, 'T', NULL, 'Mengundurkan diri atas Persetujuan BP 22/9/2018'),
	(1060, '18676', '0011578030', 'SANTO ROHIMAN', 'L', 31, 'A', NULL, NULL),
	(1061, '18677', '0020880409', 'SLAMET RIYANTO', 'L', 31, 'A', NULL, NULL),
	(1062, '18678', '0027364415', 'SUBUR WIBOWO', 'L', 31, 'A', NULL, NULL),
	(1063, '18679', '0018062893', 'TABAH MARGIWIJAYA', 'L', 31, 'A', NULL, NULL),
	(1064, '18681', '', 'TOMY ADJI SAPUTRA', 'L', 31, 'A', NULL, NULL),
	(1065, '18682', '0024153266', 'WINENGKU PUJI RAHARJO', 'L', 31, 'A', NULL, NULL),
	(1066, '18683', '0024217222', 'YUDI ARIFIN', 'L', 31, 'A', NULL, NULL),
	(1067, '18684', '', 'ZULUL ALFIAN RAMADHAN', 'L', 31, 'A', NULL, NULL),
	(1068, '18706', '0027609648', 'MERLINA NUR QURBIYANA', 'P', 26, 'A', NULL, NULL),
	(1070, '18708', '0033730746', 'AJENG NUR SULISTYORINI', 'P', 35, 'T', '', ''),
	(1071, '18709', '0023662797', 'ANISA LUTVIANA', 'P', 35, 'A', NULL, NULL),
	(1072, '18710', '0035982505', 'AYU SEKAR WULAN', 'P', 35, 'A', NULL, NULL),
	(1073, '18711', '0024874414', 'CHESSA INDIRA ZAHRA', 'P', 35, 'A', NULL, NULL),
	(1074, '18712', '0025024640', 'CHOMSA FITRIANA', 'P', 35, 'A', NULL, NULL),
	(1075, '18713', '0026218417', 'DEVI SILVIANA', 'P', 35, 'A', NULL, NULL),
	(1076, '18714', '0040171396', 'DEWI LINDAH LIN HARYANTI', 'P', 35, 'A', NULL, NULL),
	(1077, '18715', '0024159958', 'DINAS DWI CAHYANI', 'P', 35, 'A', NULL, NULL),
	(1078, '18716', '0030733783', 'DWI ANGGRAENI', 'P', 35, 'A', NULL, NULL),
	(1079, '18717', '0026218349', 'EKA FATMAWATI', 'P', 35, 'A', NULL, NULL),
	(1080, '18718', '0033930621', 'ERNAWATI', 'P', 35, 'A', NULL, NULL),
	(1081, '18719', '0023222759', 'ERNI SETYOWATI', 'P', 35, 'A', NULL, NULL),
	(1082, '18720', '0014621022', 'EVI SUSANTI', 'P', 35, 'A', NULL, NULL),
	(1083, '18721', '0033473721', 'FARADILA ARBACH', 'P', 35, 'A', NULL, NULL),
	(1084, '18722', '0025213392', 'ILLIYYIN YUMNAN MUFADHOL', 'P', 35, 'A', NULL, NULL),
	(1085, '18723', '0038484833', 'IMAS JEJEH HODIJAH', 'P', 35, 'A', NULL, NULL),
	(1086, '18724', '0033719674', 'INAYATUR RODLIYAH', 'P', 35, 'A', NULL, NULL),
	(1087, '18725', '0034130431', 'ISTI DHENING TYAS PUTRI', 'P', 35, 'A', NULL, NULL),
	(1088, '18726', '0033115368', 'ISTIYANINGSIH', 'P', 35, 'A', NULL, NULL),
	(1089, '18727', '0033719451', 'LAILA GUSMIYARNI', 'P', 35, 'A', NULL, NULL),
	(1090, '18728', '0034119794', 'LENI ANJARWATI', 'P', 35, 'A', NULL, NULL),
	(1091, '18729', '0033934320', 'LIZA OKTAVIA', 'P', 35, 'A', NULL, NULL),
	(1092, '18730', '0020145144', 'NIKEN DWI IRMA SUSANTI', 'P', 35, 'A', NULL, NULL),
	(1093, '18731', '0012698922', 'PUTRI EKA AFRIYANI', 'P', 35, 'A', NULL, NULL),
	(1094, '18732', '0032770688', 'RETA AYU FATEHA SARI', 'P', 35, 'A', NULL, NULL),
	(1095, '18733', '0033919111', 'RIZKA ARSYA SALSABILA', 'P', 35, 'A', NULL, NULL),
	(1096, '18734', '0021083402', 'RIZKA YULIANA', 'P', 35, 'A', NULL, NULL),
	(1097, '18735', '0034114095', 'RIZKIANI', 'P', 35, 'A', NULL, NULL),
	(1098, '18736', '0027496303', 'SEPTIANA DEWI', 'P', 35, 'A', NULL, NULL),
	(1099, '18737', '0033730220', 'SILVIA IKA ARDIANTI', 'P', 35, 'A', NULL, NULL),
	(1100, '18738', '0034115382', 'SOFIA NURAZIZAH', 'P', 35, 'A', NULL, NULL),
	(1101, '18739', '0034114118', 'SUSANTI ', 'P', 35, 'A', NULL, NULL),
	(1102, '18740', '0034119633', 'TRI MUKTIANINGRUM', 'P', 35, 'A', NULL, NULL),
	(1103, '18741', '0037358624', 'UMI NI\'MATURROHMAH', 'P', 35, 'A', NULL, NULL),
	(1104, '18742', '0033530471', 'YUNITA EKA PERTIWI', 'P', 35, 'A', NULL, NULL),
	(1105, '18743', '', 'ALFADILA GALUH REVAMAYANA', 'P', 36, 'A', NULL, NULL),
	(1106, '18744', '0027317863', 'AMELIYA KUSUMAWATI', 'P', 36, 'A', NULL, NULL),
	(1107, '18745', '0032759783', 'ANASYIFA RACHELITA', 'P', 36, 'A', NULL, NULL),
	(1108, '18746', '0027899522', 'AUDINI PUTRI', 'P', 36, 'A', NULL, NULL),
	(1109, '18747', '', 'AYU SETYOWENING', 'P', 36, 'A', NULL, NULL),
	(1110, '18748', '0034118646', 'BALQISHA BAHIRA', 'P', 36, 'A', NULL, NULL),
	(1111, '18749', '0026951566', 'DESI FITRA MURTI', 'P', 36, 'A', NULL, NULL),
	(1112, '18750', '0027135141', 'DESI SULISTYA DAMAYANTI', 'P', 36, 'A', NULL, NULL),
	(1113, '18751', '0033534556', 'DEVITA ANGGRAYNINGRUM', 'P', 36, 'A', NULL, NULL),
	(1114, '18752', '0027298183', 'DIKE PRADINI', 'P', 36, 'A', NULL, NULL),
	(1115, '18753', '0033932463', 'DWI DIAH PUSPITANINGSIH', 'P', 36, 'A', NULL, NULL),
	(1116, '18754', '0033534435', 'INDIRAWATI BERLIYANI', 'P', 36, 'A', NULL, NULL),
	(1117, '18755', '0032770651', 'INDRI WAHYUNINGSIH', 'P', 36, 'A', NULL, NULL),
	(1118, '18756', '0036499049', 'KATRIN WIDYA KRISTANTI', 'P', 36, 'A', NULL, NULL),
	(1119, '18757', '0024159947', 'LINGGAR ESTHA KINTARI', 'P', 36, 'A', NULL, NULL),
	(1120, '18758', '0034119863', 'NINDI DWI ASTUTI', 'P', 36, 'A', NULL, NULL),
	(1121, '18759', '0040276437', 'NUR CAHYANINGSIH', 'P', 36, 'A', NULL, NULL),
	(1122, '18760', '0023802617', 'NURIL NABILA', 'P', 36, 'A', NULL, NULL),
	(1123, '18761', '0026218418', 'OKTA SAPNA WULANDARI', 'P', 36, 'A', NULL, NULL),
	(1124, '18762', '0026849712', 'RAHAYU AGUSTIN', 'P', 36, 'A', NULL, NULL),
	(1125, '18763', '0034119944', 'RIANA MEINDRA SETIANINGRUM', 'P', 36, 'A', NULL, NULL),
	(1126, '18764', '0034119638', 'RISTA ANGGRAENI', 'P', 36, 'A', NULL, NULL),
	(1127, '18765', '0036560624', 'RIZKY PRAMUDITA', 'P', 36, 'A', NULL, NULL),
	(1128, '18766', '0032634910', 'ROMELAH SETIANINGSIH', 'P', 36, 'A', NULL, NULL),
	(1129, '18767', '0034119838', 'SENJA AGUS TRINITA', 'P', 36, 'A', NULL, NULL),
	(1130, '18768', '0027135407', 'SEPVIA DEWI SETYAWATI', 'P', 36, 'A', NULL, NULL),
	(1131, '18769', '0033911085', 'SILVI VINTANTRI', 'P', 36, 'A', NULL, NULL),
	(1132, '18770', '0033730736', 'SINTA STELLA NUFUS', 'P', 36, 'A', NULL, NULL),
	(1133, '18771', '0033911078', 'SITI NURHASANAH', 'P', 36, 'A', NULL, NULL),
	(1134, '18772', '0033911083', 'SRI HARTATI', 'P', 36, 'A', NULL, NULL),
	(1135, '18773', '0024170512', 'SRI PUJI', 'P', 36, 'A', NULL, NULL),
	(1136, '18774', '0033911086', 'TRI RAHAYU', 'P', 36, 'A', NULL, NULL),
	(1137, '18775', '0027137520', 'TRI WULANSARI', 'P', 36, 'A', NULL, NULL),
	(1138, '18776', '0023060120', 'UMI ZAROTUN', 'P', 36, 'A', NULL, NULL),
	(1139, '18777', '0034960716', 'WINDY ARDININGSIH', 'P', 36, 'A', NULL, NULL),
	(1140, '18778', '0027298276', 'YENI EVIANTI', 'P', 36, 'A', NULL, NULL),
	(1141, '18779', '0038643551', 'ADILLA FARA PRAMUDYA', 'P', 37, 'A', NULL, NULL),
	(1142, '18780', '0010309960', 'AJENG VIA LAKSANA', 'P', 37, 'A', NULL, NULL),
	(1143, '18781', '0033518610', 'ANGGI PAMBUDI KURNIAWAN', 'L', 37, 'A', NULL, NULL),
	(1144, '18782', '0027430307', 'ANTI ARMANDA', 'P', 37, 'A', NULL, NULL),
	(1145, '18783', '0024153251', 'ARUM RIZKI ASTUTI', 'P', 37, 'A', NULL, NULL),
	(1146, '18784', '0033375298', 'CANTIGI RINJANI', 'P', 37, 'A', NULL, NULL),
	(1147, '18785', '0026598570', 'DADAN SENDI FIRMANSYAH', 'L', 37, 'A', NULL, NULL),
	(1148, '18786', '0033719850', 'DELLA PUSPITA DEWI ', 'P', 37, 'A', NULL, NULL),
	(1149, '18787', '0018115540', 'DESTI MEGA ANANDA', 'P', 37, 'A', NULL, NULL),
	(1150, '18788', '0033719453', 'DWI AYU OKTAVIANTI', 'P', 37, 'A', NULL, NULL),
	(1151, '18789', '0034197365', 'EKI AMBAR WATI', 'P', 37, 'A', NULL, NULL),
	(1152, '18790', '0032759915', 'FAJAR FATMAWATI', 'P', 37, 'A', NULL, NULL),
	(1153, '18791', '0010953640', 'HAYUNINGTYAS RAHMAWATI', 'P', 37, 'A', NULL, NULL),
	(1154, '18792', '0032072109', 'LUTFIAH HASANAH', 'P', 37, 'A', NULL, NULL),
	(1155, '18793', '0033891044', 'MARETA INDAH PRATIWI', 'P', 37, 'A', NULL, NULL),
	(1156, '18794', '0033894101', 'MARNIA NURUL KHOTIMAH', 'P', 37, 'A', NULL, NULL),
	(1157, '18795', '0004078119', 'MELIYANA RAHMAWATI', 'P', 37, 'A', NULL, NULL),
	(1158, '18796', '0024170193', 'MUHAMMAD HAFIZH FAUZAN', 'L', 37, 'A', NULL, NULL),
	(1159, '18797', '0026098192', 'MUSTIKA TEGO PRIYANTI', 'P', 37, 'A', NULL, NULL),
	(1160, '18798', '0033911022', 'NABILA PUTRI PRASTYO', 'P', 37, 'A', NULL, NULL),
	(1161, '18799', '0040239344', 'NIA ANASTI', 'P', 37, 'A', NULL, NULL),
	(1162, '18800', '0033162879', 'NISWATUL HASANAH', 'P', 37, 'A', NULL, NULL),
	(1163, '18801', '0026218090', 'NOFISAFRITA', 'P', 37, 'A', NULL, NULL),
	(1164, '18802', '0033911080', 'NUR SETYANINGSIH', 'P', 37, 'A', NULL, NULL),
	(1165, '18803', '0033533645', 'OKTALIA KHOIMIN', 'P', 37, 'A', NULL, NULL),
	(1166, '18804', '0033535336', 'PANCA PULUNG CAHYATI', 'P', 37, 'A', NULL, NULL),
	(1167, '18805', '0034119632', 'PUTRI SUNDARI', 'P', 37, 'A', NULL, NULL),
	(1168, '18806', '0010534360', 'RINNA MUNTARSIH', 'P', 37, 'A', NULL, NULL),
	(1169, '18807', '0034119640', 'RIVA APRILIANA', 'P', 37, 'A', NULL, NULL),
	(1170, '18808', '0032771120', 'SINDI SULISTIOWATI', 'P', 37, 'A', NULL, NULL),
	(1171, '18809', '0033515190', 'SISKA ESTI LESTARI', 'P', 37, 'A', NULL, NULL),
	(1172, '18810', '0024217207', 'SITI NUR HALIZAH', 'P', 37, 'A', NULL, NULL),
	(1173, '18811', '0034119642', 'SITI ROCHAYATI', 'P', 37, 'A', NULL, NULL),
	(1174, '18812', '0026938706', 'TRIMAH RIYANTI', 'P', 37, 'A', NULL, NULL),
	(1175, '18813', '0029831936', 'VIZEINSA DIVA ALMAYDA', 'P', 37, 'A', NULL, NULL),
	(1176, '18814', '0034130444', 'WAHYU ATMIL FAISAL', 'P', 37, 'A', NULL, NULL),
	(1177, '18815', '0040191625', 'ALIDA NURY PRAMESTY', 'P', 39, 'A', NULL, NULL),
	(1178, '18816', '0024217370', 'ANISA PUSPITASARI', 'P', 39, 'A', NULL, NULL),
	(1179, '18817', '0030958119', 'APRELIA KUSNANDA', 'P', 39, 'A', NULL, NULL),
	(1180, '18818', '0033893826', 'ARUM KHASANAH', 'P', 39, 'A', NULL, NULL),
	(1181, '18819', '0026201301', 'ASTI FANANI', 'P', 39, 'A', NULL, NULL),
	(1182, '18820', '0033933242', 'AZZAHRA OCTAVIA', 'P', 39, 'A', NULL, NULL),
	(1183, '18821', '0033532164', 'CATUR HERAWATI', 'P', 39, 'A', NULL, NULL),
	(1184, '18822', '0026932271', 'DWI KUNARTI', 'P', 39, 'A', NULL, NULL),
	(1185, '18823', '0033535108', 'ERAHAYU', 'P', 39, 'A', NULL, NULL),
	(1186, '18824', '0026218428', 'EVA YULIANINGSIH', 'P', 39, 'A', NULL, NULL),
	(1187, '18825', '0032770271', 'FADILAH SOLIKHATUN', 'P', 39, 'A', NULL, NULL),
	(1188, '18826', '0033722811', 'FATIMAH', 'P', 39, 'A', NULL, NULL),
	(1189, '18827', '0033532277', 'FATONAH RISQA RISTIANTI', 'P', 39, 'A', NULL, NULL),
	(1190, '18828', '0025738010', 'FINANDA RISCA FITRIA', 'P', 39, 'A', NULL, NULL),
	(1191, '18829', '0027496172', 'HERNI OKTALIA RAHMA', 'P', 39, 'A', NULL, NULL),
	(1192, '18830', '0033910963', 'INTAN MEILANI', 'P', 39, 'A', NULL, NULL),
	(1193, '18831', '9995336989', 'MEGATHYA DYAH OCKLAVIANISA', 'P', 39, 'A', NULL, NULL),
	(1194, '18832', '33920416', 'MUSLIMAH', 'P', 39, 'A', NULL, NULL),
	(1195, '18833', '0020320209', 'NOVITA ASTRIDAYANTI', 'P', 39, 'A', NULL, NULL),
	(1196, '18834', '0032770365', 'NURUL FADHILAH', 'P', 39, 'A', NULL, NULL),
	(1197, '18835', '0024749236', 'PUTRI AYUNI SETYOWATI', 'P', 39, 'A', NULL, NULL),
	(1198, '18836', '0033719618', 'PUTRI NURHANIFAH', 'P', 39, 'A', NULL, NULL),
	(1199, '18837', '0034197325', 'PUTRI ULFAENI', 'P', 39, 'A', NULL, NULL),
	(1200, '18838', '0037358625', 'RIFDAH ABDILLAH RAHMAWATI', 'P', 39, 'A', NULL, NULL),
	(1201, '18839', '0027032107', 'RINTIS ISTIYANI', 'P', 39, 'A', NULL, NULL),
	(1202, '18840', '0032759936', 'RIZKI ADILLAH MUTIA', 'P', 39, 'A', NULL, NULL),
	(1203, '18841', '0032771175', 'RIZKI ERNAWATI', 'P', 39, 'A', NULL, NULL),
	(1204, '18842', '0023882892', 'SITI FAUJIYAH', 'P', 39, 'A', NULL, NULL),
	(1205, '18843', '0027032170', 'SITI ROFNGATUL KARIMAH', 'P', 39, 'A', NULL, NULL),
	(1206, '18844', '0033919061', 'WANDA SYAHARANI PUTRI', 'P', 39, 'A', NULL, NULL),
	(1207, '18845', '0026325547', 'WIJI ASTUTI', 'P', 39, 'A', NULL, NULL),
	(1208, '18846', '0034197322', 'YERNI WULANDARI', 'P', 39, 'A', NULL, NULL),
	(1209, '18847', '0027135398', 'ADELIA YUNIE RAHAYU', 'P', 40, 'A', NULL, NULL),
	(1210, '18848', '0032770292', 'AELSA PUSPITA SARI', 'P', 40, 'A', NULL, NULL),
	(1211, '18849', '0034119756', 'AJENG RETNO ASIH', 'P', 40, 'A', NULL, NULL),
	(1212, '18850', '0033532267', 'ALYA RISTIANI', 'P', 40, 'A', NULL, NULL),
	(1213, '18851', '0034119471', 'AMELIA DIAH PANGESTI', 'P', 40, 'A', NULL, NULL),
	(1214, '18852', '0031812902', 'ARISTHA ISTIQOMAH', 'P', 40, 'A', NULL, NULL),
	(1215, '18853', '0033719556', 'AYU FITRIANINGSIH', 'P', 40, 'A', NULL, NULL),
	(1216, '18854', '0024779478', 'AZIZAH SITI NUR HALIMAH', 'P', 40, 'A', NULL, NULL),
	(1217, '18855', '0024779440', 'DESSY NUR AISYAH', 'P', 40, 'A', NULL, NULL),
	(1218, '18856', '0013852310', 'DEVI SEPTIANINGSIH', 'P', 40, 'A', NULL, NULL),
	(1219, '18857', '0017094313', 'DEVI YUNITA NUGROHO PUTRI', 'P', 40, 'A', NULL, NULL),
	(1220, '18858', '0024779532', 'DHINARTI', 'P', 40, 'A', NULL, NULL),
	(1221, '18859', '0032647682', 'ERLINA', 'P', 40, 'A', NULL, NULL),
	(1222, '18860', '0047014261', 'FENTI AMELIA', 'P', 40, 'A', NULL, NULL),
	(1223, '18861', '0028846221', 'FIJRIYATUL AULIA', 'P', 40, 'A', NULL, NULL),
	(1224, '18862', '0033933244', 'FITRI NUR HANIFAH', 'P', 40, 'A', NULL, NULL),
	(1225, '18863', '0017810404', 'FITRIYANI KHUSNUL KHOTIMAH', 'P', 40, 'A', NULL, NULL),
	(1226, '18864', '0033532278', 'INDAH RAGIL LESTARI', 'P', 40, 'A', NULL, NULL),
	(1227, '18865', '0026218324', 'IRMA NAWIJILAH', 'P', 40, 'A', NULL, NULL),
	(1228, '18866', '0023806385', 'LIA INDRIANI', 'P', 40, 'A', NULL, NULL),
	(1229, '18867', '0024258480', 'NANDA SOFIYANTI', 'P', 40, 'A', NULL, NULL),
	(1230, '18868', '003928864', 'NURUL ISTIQOMAH', 'P', 40, 'A', NULL, NULL),
	(1231, '18869', '0033933167', 'PUTRI NAWANG SARI', 'P', 40, 'A', NULL, NULL),
	(1232, '18870', '0017810408', 'RATNA RAHMAWATI', 'P', 40, 'A', NULL, NULL),
	(1233, '18871', '0033531043', 'RINI CATUR CAHYANI', 'P', 40, 'A', NULL, NULL),
	(1234, '18872', '0003914427', 'RIZKA WIDYANINGRUM', 'P', 40, 'A', NULL, NULL),
	(1235, '18873', '0024170248', 'RIZQITA AMALIA', 'P', 40, 'A', NULL, NULL),
	(1236, '18874', '0027315955', 'SITI MAGFIROH YUNIANA', 'P', 40, 'A', NULL, NULL),
	(1237, '18875', '0006301694', 'TRI OKTAVIANI', 'P', 40, 'A', NULL, NULL),
	(1238, '18876', '0032770282', 'VINDY NUR FADILA', 'P', 40, 'A', NULL, NULL),
	(1239, '18877', '0027496340', 'WAHYU FITRIANINGSIH', 'P', 40, 'A', NULL, NULL),
	(1240, '18878', '0017810925', 'ZULIA FATKHUL KHASANAH', 'P', 40, 'A', NULL, NULL),
	(1241, '18879', '0033534317', 'ALVIN ARDHI WIJAYA', 'L', 41, 'A', NULL, NULL),
	(1242, '18880', '0034130464', 'ANISA ARBA RAMADHAN', '', 41, 'T', NULL, 'Mengundurkan diri permintaan OT 21 Januari 2019'),
	(1243, '18881', '0021220734', 'ASTRI WAHYUNINGSIAM', 'P', 41, 'A', NULL, NULL),
	(1244, '18882', '0033730933', 'CHISA AMANDA PUTRI', 'P', 41, 'A', NULL, NULL),
	(1245, '18883', '0032770631', 'DEFI NABILAH', 'P', 41, 'A', NULL, NULL),
	(1246, '18884', '0024779567', 'DEVI ANDRIANINGSIH', 'P', 41, 'A', NULL, NULL),
	(1247, '18885', '0032634961', 'DIAN FITRIYANI', 'P', 41, 'A', NULL, NULL),
	(1248, '18886', '0038617331', 'DINDA AMELIA YUNITA', 'P', 41, 'A', NULL, NULL),
	(1249, '18887', '0038564469', 'IMELTA SEPTIANI', 'P', 41, 'A', NULL, NULL),
	(1250, '18888', '9996339115', 'INDAH NURYANTI', '', 41, 'T', NULL, 'Pindah ke SMK Ma\'arif Butuh tgl 10 Januari 2019'),
	(1251, '18889', '0030939560', 'INTAN NURSYAWALIA', 'P', 41, 'A', NULL, NULL),
	(1252, '18890', '0033934763', 'LEVINA SAFITRI', 'P', 41, 'A', NULL, NULL),
	(1253, '18891', '0033531239', 'LINDA MARYANTI', 'P', 41, 'A', NULL, NULL),
	(1254, '18892', '0005112667', 'MARTIN TRI CAHYANI', 'P', 41, 'A', NULL, NULL),
	(1255, '18893', '0024175181', 'MEILANI', 'P', 41, 'A', NULL, NULL),
	(1256, '18894', '0024256845', 'MIA ARIF RAHAYU', 'P', 41, 'A', NULL, NULL),
	(1257, '18895', '0004241464', 'MUHAMMAD HAKIM AULADI', 'L', 41, 'A', NULL, NULL),
	(1258, '18896', '0027032623', 'MUHAMMAD RIKZA FAHMI', 'L', 41, 'A', NULL, NULL),
	(1259, '18897', '0033518759', 'NANDA PUTRI ATIKA', 'P', 41, 'A', NULL, NULL),
	(1260, '18898', '0027496056', 'NAWANG SEPTI WULANDARI', '', 41, 'T', NULL, 'Pindah ke SMK WIDYA Kta tgl 6 Februari 2019'),
	(1261, '18899', '0034119921', 'NING AROFAH', 'P', 41, 'A', NULL, NULL),
	(1262, '18900', '0027332767', 'NISA OKTAVIA WANDA', 'P', 41, 'A', NULL, NULL),
	(1263, '18901', '0034130356', 'NUR HIDAYANTI', 'P', 41, 'A', NULL, NULL),
	(1264, '18902', '0034582854', 'NURUL HIDAYAH', 'P', 41, 'A', NULL, NULL),
	(1265, '18903', '0034119718', 'PUTRI DEWI APRILYA', 'P', 41, 'A', NULL, NULL),
	(1266, '18904', '0026990265', 'RAGA SATRIA WIJAYA', 'L', 41, 'A', NULL, NULL),
	(1267, '18905', '0037358619', 'RENI APRIL LIANA', 'P', 41, 'A', NULL, NULL),
	(1268, '18906', '', 'RINI SULISTIAWATI', 'P', 41, 'A', NULL, NULL),
	(1269, '18907', '0024779363', 'RISKA ANDRIYANI', 'P', 41, 'A', NULL, NULL),
	(1270, '18908', '0024170280', 'RISTA AULIA WIRAWAN', 'P', 41, 'A', NULL, NULL),
	(1271, '18909', '0024159943', 'SILVIA KURNIA DEWI', 'P', 41, 'A', NULL, NULL),
	(1272, '18910', '0019964320', 'TRI SUSILOWATI', 'P', 41, 'A', NULL, NULL),
	(1273, '18911', '0017810406', 'YULI LESTARI', 'P', 41, 'A', NULL, NULL),
	(1274, '18912', '0033931367', 'ZULVATUN NI\'MAH PERMATA', 'P', 41, 'A', NULL, NULL),
	(1275, '18913', '0033919109', 'ANALISA DWI', 'P', 42, 'A', NULL, NULL),
	(1276, '18914', '0033919122', 'ANGGI NANDITA PUTRI', 'P', 42, 'A', NULL, NULL),
	(1277, '18915', '0040239607', 'ANISA NUR FADHILA', 'P', 42, 'A', NULL, NULL),
	(1278, '18916', '0029550127', 'ASTUTI RIDHONING PAMBUDI', 'P', 42, 'A', NULL, NULL),
	(1279, '18917', '0026218348', 'AULIA ERTANA FISAH', 'P', 42, 'A', NULL, NULL),
	(1280, '18918', '0027496367', 'BALQIS PRAMUDITA', 'P', 42, 'A', NULL, NULL),
	(1281, '18919', '0033517710', 'DELLA FAUZI UTAMI', 'P', 42, 'A', NULL, NULL),
	(1282, '18920', '0033530472', 'DEWI SETIOWATI', 'P', 42, 'A', NULL, NULL),
	(1283, '18921', '0033532232', 'EGI WINARNI', 'P', 42, 'A', NULL, NULL),
	(1284, '18922', '0033515321', 'FATIHATUN KHASANAH', 'P', 42, 'A', NULL, NULL),
	(1285, '18923', '0033532241', 'FITRI PAWU SHOLEKAH', 'P', 42, 'A', NULL, NULL),
	(1286, '18924', '0024256689', 'HELTI FEBRIYANTI', 'P', 42, 'A', NULL, NULL),
	(1287, '18925', '0038954805', 'IKA FIANI', 'P', 42, 'A', NULL, NULL),
	(1288, '18926', '0034130347', 'INDRA YULIANTI PERTIWI', 'P', 42, 'A', NULL, NULL),
	(1289, '18927', '003353101', 'LENA LISTIANI', 'P', 42, 'A', NULL, NULL),
	(1290, '18928', '0033934757', 'LINDA RAHMAWATI', 'P', 42, 'A', NULL, NULL),
	(1291, '18929', '0027496665', 'MEITA UMI LESTARI', 'P', 42, 'A', NULL, NULL),
	(1292, '18930', '0020444067', 'NURHAYATI', 'P', 42, 'A', NULL, NULL),
	(1293, '18931', '0024175014', 'POPPY WULANDARI', '', 42, 'T', NULL, 'Mengundurkan diri atas PO 3/9/2018'),
	(1294, '18932', '003449623800', 'RIRIS INTAN NUR CAHAYATI', 'P', 42, 'A', NULL, NULL),
	(1295, '18933', '0012027636', 'RISKA AGUSTINA', 'P', 42, 'A', NULL, NULL),
	(1296, '18934', '0010522522', 'SAFITRI SARI DEWI', 'P', 42, 'A', NULL, NULL),
	(1297, '18935', '0027496366', 'SEKAR NINGRUM LENI ASTUTI', 'P', 42, 'A', NULL, NULL),
	(1298, '18936', '0015920136', 'SILVI PUSPITASARI', 'P', 42, 'A', NULL, NULL),
	(1299, '18937', '0032770410', 'SITI NUR FADILLAH', 'P', 42, 'A', NULL, NULL),
	(1300, '18938', '0033930441', 'TYAS EKA HARYANTI', 'P', 42, 'A', NULL, NULL),
	(1301, '18939', '0017736992', 'VIVI NUR KARISMA', 'P', 42, 'A', NULL, NULL),
	(1302, '18940', '0024779470', 'WAHYU KRISDAYANTI', 'P', 42, 'A', NULL, NULL),
	(1303, '18941', '0010534399', 'WIRA RESTU UTAMI DEWI', 'P', 42, 'A', NULL, NULL),
	(1304, '18942', '0023012092', 'ZELIKA ADILLA', 'P', 42, 'A', NULL, NULL),
	(1305, '18943', '0037548981', 'AISYAH AMBARWATI', 'P', 38, 'A', NULL, NULL),
	(1306, '18944', '0010534338', 'ALFIA AGUSTIN', '', 38, 'T', NULL, 'Mengundurkan diri atas PO 22/9/2018'),
	(1307, '18945', '0010857357', 'ALVINA DEWI LESTARI', 'P', 38, 'A', NULL, NULL),
	(1308, '18946', '0033932070', 'ANINDITA MAHARANI', 'P', 38, 'A', NULL, NULL),
	(1309, '18947', '0033871533', 'ANIS NUR KHALIZAH', 'P', 38, 'A', NULL, NULL),
	(1310, '18948', '0034130214', 'APRILIA RISKI PADILA', 'P', 38, 'A', NULL, NULL),
	(1311, '18949', '0034271923', 'DEVI RAMADHANI PERMATASARI', 'P', 38, 'A', NULL, NULL),
	(1312, '18950', '0024219148', 'DIAN AYUK PERTIWI', 'P', 38, 'A', NULL, NULL),
	(1313, '18951', '0027318773', 'EVA DIAH RAHMAWATI', 'P', 38, 'A', NULL, NULL),
	(1314, '18952', '0026952270', 'EVI RUWANTI', 'P', 38, 'A', NULL, NULL),
	(1315, '18953', '0024779380', 'EXSY PERMATA HIDAYATI', 'P', 38, 'A', NULL, NULL),
	(1316, '18954', '0033930439', 'FADHILAH ANGGII PRATIWI', 'P', 38, 'A', NULL, NULL),
	(1317, '18955', '0017736865', 'FITRI KURNIAWATI', 'P', 38, 'A', NULL, NULL),
	(1318, '18956', '0003198819', 'HILDA EKA APRILIANI', 'P', 38, 'A', NULL, NULL),
	(1319, '18957', '0010955199', 'ISNAINI MAFAIDAH', 'P', 38, 'A', NULL, NULL),
	(1320, '18958', '0024170229', 'JAFAR SHODIK', 'L', 38, 'A', NULL, NULL),
	(1321, '18959', '0015162222', 'JUMALIYAH', 'P', 38, 'A', NULL, NULL),
	(1322, '18960', '0027573184', 'LADY SUKMA SUCI RAHAYU', 'P', 38, 'A', NULL, NULL),
	(1323, '18961', '0004079688', 'LESTIN DWI SEPTIANI', 'P', 38, 'A', NULL, NULL),
	(1324, '18962', '0033515315', 'MALIKA SAHDIA', 'P', 38, 'A', NULL, NULL),
	(1325, '18963', '0027291002', 'MAROHATUS SOLEKHAH', 'P', 38, 'A', NULL, NULL),
	(1326, '18964', '0032771079', 'NAWANG WULANDARI', 'P', 38, 'A', NULL, NULL),
	(1327, '18965', '0027319024', 'NIKEN SAFITRI', 'P', 38, 'A', NULL, NULL),
	(1328, '18966', '0021922113', 'NUR FAUZAN', 'L', 38, 'A', NULL, NULL),
	(1329, '18967', '0026938705', 'NURUL AINI', 'P', 38, 'A', NULL, NULL),
	(1330, '18968', '0034384980', 'NURUL MUKHOTIMAN', 'P', 38, 'A', NULL, NULL),
	(1331, '18969', '0034130436', 'PUJI ASTUTI', 'P', 38, 'A', NULL, NULL),
	(1332, '18970', '0031215902', 'PUTRI MAYLANI', 'P', 38, 'A', NULL, NULL),
	(1333, '18971', '0033515307', 'RAHMANIA SINTIA REZA', 'P', 38, 'A', NULL, NULL),
	(1334, '18972', '0040276266', 'RETNO WISDIASTUI', 'P', 38, 'A', NULL, NULL),
	(1335, '18973', '0010776635', 'REVIANA DWI CAHYANI', 'P', 38, 'A', NULL, NULL),
	(1336, '18974', '0033532978', 'UMI ADIBAH', 'P', 38, 'A', NULL, NULL),
	(1337, '18975', '0032759943', 'WAYUNING MAULIDIA', 'P', 38, 'A', NULL, NULL),
	(1338, '18976', '0021084947', 'WINDI WAHYUNINGSIH', 'P', 38, 'A', NULL, NULL),
	(1339, '18977', '0024219205', 'YULI MULYANI', 'P', 38, 'A', NULL, NULL),
	(1340, '18978', '0034271918', 'YULIA ROSI NINGRUM', 'P', 38, 'A', NULL, NULL),
	(1341, '18979', '0026935417', 'AIZZA DINI HAQ', 'P', 43, 'A', NULL, NULL),
	(1342, '18980', '0030337670', 'ANISATUL FATONAH', 'P', 43, 'A', NULL, NULL),
	(1343, '18981', '0010978479', 'ARIN DAMAYANTI', 'P', 43, 'A', NULL, NULL),
	(1344, '18982', '0033531047', 'ASMIROTUN KHOIRIYAH', 'P', 43, 'A', NULL, NULL),
	(1345, '18983', '0029186696', 'CINDY FITRIA ANA RAHAYU', 'P', 43, 'A', NULL, NULL),
	(1346, '18984', '0005234487', 'DWI TRISNA SAPUTRI', 'P', 43, 'A', NULL, NULL),
	(1347, '18985', '0027135632', 'EKA RIFKI OKTAVIA', 'P', 43, 'A', NULL, NULL),
	(1348, '18986', '0033730218', 'FADHILA ALYA PUTRI', 'P', 43, 'A', NULL, NULL),
	(1349, '18987', '0033532223', 'FATHUR ROHMAH', 'P', 43, 'A', NULL, NULL),
	(1350, '18988', '0033535038', 'FIDIA CLARA REDITHA', 'P', 43, 'A', NULL, NULL),
	(1351, '18989', '0027032763', 'HARINA', 'P', 43, 'A', NULL, NULL),
	(1352, '18990', '0033930618', 'IBAH PUTRI NURHAZIZAH', 'P', 43, 'A', NULL, NULL),
	(1353, '18991', '0034130004', 'INTAN NUGRAENI', 'P', 43, 'A', NULL, NULL),
	(1354, '18992', '0033534545', 'NALARUKMI MITAYANI', 'P', 43, 'A', NULL, NULL),
	(1355, '18993', '002731820', 'NUR AINI', 'P', 43, 'A', NULL, NULL),
	(1356, '18994', '0033894042', 'NUR KARIMATUL SOVIAH', 'P', 43, 'A', NULL, NULL),
	(1357, '18995', '0032770290', 'SARI HANDAYANI', 'P', 43, 'A', NULL, NULL),
	(1358, '18996', '0033730077', 'SITI HALIMAH', 'P', 43, 'A', NULL, NULL),
	(1359, '18997', '0033515186', 'SITI MULYANINGSIH', 'P', 43, 'A', NULL, NULL),
	(1360, '18998', '0004079677', 'SRI KOYIMAH', 'P', 43, 'A', NULL, NULL),
	(1361, '18999', '9994357575', 'UMI SETIANINGSIH', 'P', 43, 'A', NULL, NULL),
	(1362, '19000', '0047132060', 'AFINDO ARDIANSYAH', 'L', 47, 'A', NULL, NULL),
	(1363, '19001', '0023626273', 'ALFARIZQI ROMADHON', 'L', 47, 'A', NULL, NULL),
	(1364, '19002', '0033911076', 'ALIF ZULFIKAR DZISSULTANU', 'L', 47, 'A', NULL, NULL),
	(1365, '19003', '0032759884', 'ANDI KURNIAWAN', 'L', 47, 'A', NULL, NULL),
	(1366, '19004', '0033730430', 'ARGA ALVIANNO GIOVANNI', 'L', 47, 'A', NULL, NULL),
	(1367, '19005', '0006111109', 'DANDI SETIAWAN', 'L', 47, 'A', NULL, NULL),
	(1368, '19006', '0024779488', 'DEWI YULIATI', 'P', 47, 'A', NULL, NULL),
	(1369, '19007', '0033530450', 'DHIMAS PANGESTU', 'L', 47, 'A', NULL, NULL),
	(1370, '19008', '0004077116', 'FADEL MUHAMMAD ISRO', 'L', 47, 'A', NULL, NULL),
	(1371, '19009', '0026218114', 'GAGAD PROBO WASKITHO', 'L', 47, 'A', NULL, NULL),
	(1372, '19010', '0033534874', 'IKA BUDHI SEPTIANI', 'P', 47, 'A', NULL, NULL),
	(1373, '19011', '0026954318', 'IRFAN JAVANUARY', 'L', 47, 'A', NULL, NULL),
	(1374, '19012', '0030337670', 'MUHAMMAD AHYA BADIUL HIKAM', 'L', 47, 'A', NULL, NULL),
	(1375, '19013', '0032770682', 'MUHAMMAD MIFTACHUL ULUM', 'L', 47, 'A', NULL, NULL),
	(1376, '19014', '0031962806', 'MUHAMMAD MUSTAQIM', 'L', 47, 'A', NULL, NULL),
	(1377, '19015', '0029378356', 'NIA OKTAVIA', 'P', 47, 'A', NULL, NULL),
	(1378, '19016', '0043493037', 'NOVITA INDAH SAFITRI', 'P', 47, 'A', NULL, NULL),
	(1379, '19017', '0038617327', 'ORDELIA MICHELE BERLIANA', 'P', 47, 'A', NULL, NULL),
	(1380, '19018', '0028141627', 'PUTRI SEPTIYANI', 'P', 47, 'A', NULL, NULL),
	(1381, '19019', '0024219862', 'RAHAYU PUSPITASARI', 'P', 47, 'A', NULL, NULL),
	(1382, '19020', '0023375190', 'RESTU FIRMANSYAH', 'L', 47, 'A', NULL, NULL),
	(1383, '19021', '0024217419', 'RETNOWATI', 'P', 47, 'A', NULL, NULL),
	(1384, '19022', '0035580065', 'SATRIO PAMUNGKAS EKO SAPUTRO', 'L', 47, 'A', NULL, NULL),
	(1385, '19023', '0033611983', 'UBAIDAH MUTMAINAH', 'P', 47, 'A', NULL, NULL),
	(1386, '19024', '0033730433', 'WARIS SETIAWAN', 'L', 47, 'A', NULL, NULL),
	(1387, '19025', '0038617332', 'YUNITA ASTUTI NINGRUM', 'P', 47, 'A', NULL, NULL),
	(1388, '19026', '0017799632', 'ADITYA ACHMAD RIZAKNI', 'L', 48, 'A', NULL, NULL),
	(1389, '19027', '0024256971', 'AHMAD LAJJA TAHARMAZ', 'L', 48, 'A', NULL, NULL),
	(1390, '19028', '0033934760', 'ALFIYANTIYA', 'P', 48, 'A', NULL, NULL),
	(1391, '19029', '0031151189', 'ALI ZAINAL ABIDIN', 'L', 48, 'A', NULL, NULL),
	(1392, '19030', '0032759937', 'AMANDA NADYA PUTRI', 'P', 48, 'A', NULL, NULL),
	(1393, '19031', '0033510401', 'ANNISA MEILINDA', 'P', 48, 'A', NULL, NULL),
	(1394, '19032', '0026955656', 'AQSHAL MAULANA BAGUS SATRIO', 'L', 48, 'A', NULL, NULL),
	(1395, '19033', '0033911001', 'AYUK RIKA RAHMAWATI', 'P', 48, 'A', NULL, NULL),
	(1396, '19034', '0033611735', 'BAYU SUSENO', 'L', 48, 'A', NULL, NULL),
	(1397, '19035', '0027496298', 'DEA PUSPITA SARI', 'P', 48, 'A', NULL, NULL),
	(1398, '19036', '0027669892', 'DHANNY EKA BRAMANTYO', 'L', 48, 'A', NULL, NULL),
	(1399, '19037', '0017799663', 'FIRSTU WIDYO SAPUTRO', 'L', 48, 'A', NULL, NULL),
	(1400, '19038', '0034119680', 'HUDHA NUR ROKHIM', 'L', 48, 'A', NULL, NULL),
	(1401, '19039', '0037395598', 'ILHAM JAYA KUSUMA', 'L', 48, 'A', NULL, NULL),
	(1402, '19040', '0027134587', 'KHOIRUL NURYADI', 'L', 48, 'A', NULL, NULL),
	(1403, '19041', '0024153272', 'LAELA REZKI SAPUTRI', 'P', 48, 'A', NULL, NULL),
	(1404, '19042', '0034119582', 'LANGGENG INDRIYANTI', 'P', 48, 'A', NULL, NULL),
	(1405, '19043', '0032113203', 'LINTANG KUSUMA CAHYA NINGRUM', 'P', 48, 'A', NULL, NULL),
	(1406, '19044', '0033919113', 'MOPI ARIESTYA', 'P', 48, 'A', NULL, NULL),
	(1407, '19045', '', 'MUHAMMAD ARIFIN', 'L', 48, 'A', NULL, NULL),
	(1408, '19046', '0010857215', 'PUTRI ADILLA REFANNI', '', 48, 'T', NULL, 'Mengundurkan diri atas PO 13/12/2018'),
	(1409, '19047', '0034119927', 'PUTRI MUJI ASTUTI', 'P', 48, 'A', NULL, NULL),
	(1410, '19048', '0034119924', 'SITI KHOLIFAH', 'P', 48, 'A', NULL, NULL),
	(1411, '19049', '0010978583', 'TEDDY ARDIANSYAH', 'L', 48, 'A', NULL, NULL),
	(1412, '19050', '0030958271', 'TIA PERMATASARI', 'P', 48, 'A', NULL, NULL),
	(1413, '19051', '0024170258', 'TRI MULYANINGSIH', 'P', 48, 'A', NULL, NULL),
	(1414, '19052', '0027032627', 'VENITA DESTIANA', 'P', 48, 'A', NULL, NULL),
	(1415, '19053', '', 'YUDA ADITYA SAPUTRA', 'L', 48, 'A', NULL, NULL),
	(1416, '19054', '0024625868', 'AKRAM IBRAHIM', 'L', 49, 'A', NULL, NULL),
	(1417, '19055', '0039309900', 'ANGGRAENI RISKINA PANGESTUTI', 'P', 49, 'A', NULL, NULL),
	(1418, '19056', '0012191457', 'ANISA PUTRI RAHMAWATI', 'P', 49, 'A', NULL, NULL),
	(1419, '19057', '0037903024', 'ANISATUL FAIZAH', 'P', 49, 'A', NULL, NULL),
	(1420, '19058', '0036609153', 'ANNISA SYLVIANA', 'P', 49, 'A', NULL, NULL),
	(1421, '19059', '0027496240', 'AZZAHRA ATIKA PRASASTI', 'P', 49, 'A', NULL, NULL),
	(1422, '19060', '0017732624', 'BAGAS EKO BASKORO', 'L', 49, 'A', NULL, NULL),
	(1423, '19061', '0033730648', 'CHONITA AUDY', 'P', 49, 'A', NULL, NULL),
	(1424, '19062', '0033911020', 'DHEA KUSUMA WARDANI', 'P', 49, 'A', NULL, NULL),
	(1425, '19063', '0026955393', 'DIAH PUTRI RAMADHANI', 'P', 49, 'A', NULL, NULL),
	(1426, '19064', '0033719647', 'DONI ALAMSYAH', 'L', 49, 'A', NULL, NULL),
	(1427, '19065', '0017799660', 'FAUZAN ALIM', 'L', 49, 'A', NULL, NULL),
	(1428, '19066', '0033532201', 'FITRI ASTUTI', 'P', 49, 'A', NULL, NULL),
	(1429, '19067', '0027496297', 'FITRI DEWINTA NUGRAINI', 'P', 49, 'A', NULL, NULL),
	(1430, '19068', '0038674717', 'INTAN AMELIASARI', 'P', 49, 'A', NULL, NULL),
	(1431, '19069', '0026218427', 'LUSI', 'P', 49, 'A', NULL, NULL),
	(1432, '19070', '0034119948', 'MEILIA TRIS SANTI', 'P', 49, 'A', NULL, NULL),
	(1433, '19071', '0034119846', 'NENENG TRIYA KUSUMA', 'P', 49, 'A', NULL, NULL),
	(1434, '19072', '0024175126', 'NUR YULIANTO', '', 49, 'T', NULL, 'Mengundurkan diri atas PO 21/11/2018'),
	(1435, '19073', '0023298005', 'RABBANI NURWAHID SYA\'BAN', 'L', 49, 'A', NULL, NULL),
	(1436, '19074', '', 'RISMANTO', 'L', 49, 'A', NULL, NULL),
	(1437, '19075', '0027496677', 'ROMADHONI HARI UTOMO', 'L', 49, 'A', NULL, NULL),
	(1438, '19076', '0026557367', 'SANDI', 'P', 49, 'A', NULL, NULL),
	(1439, '19077', '0038397835', 'SEKAR PRAMESWARI', 'P', 49, 'A', NULL, NULL),
	(1440, '19078', '0029746098', 'WAHYU PUTRI MAHARANI', 'P', 49, 'A', NULL, NULL),
	(1441, '19079', '0018115535', 'AGIL WIRANTO', 'L', 44, 'A', NULL, NULL),
	(1442, '19080', '0033932470', 'AGUS RIYANTO', 'L', 44, 'A', NULL, NULL),
	(1443, '19081', '0010777249', 'ALFIN JUMANTORO', 'L', 44, 'A', NULL, NULL),
	(1444, '19082', '0033530891', 'ANDIN YULIA SASMITA', 'P', 44, 'A', NULL, NULL),
	(1445, '19083', '0030977966', 'ANDREA HIKMAWATI', 'P', 44, 'A', NULL, NULL),
	(1446, '19084', '0021233903', 'ARYA PUTRA AJI BASKARA', 'L', 44, 'A', NULL, NULL),
	(1447, '19085', '0024219871', 'BASAM SATRIA TEGARA', 'L', 44, 'A', NULL, NULL),
	(1448, '19086', '0033933225', 'CHAMIM MUSTOFA', 'L', 44, 'A', NULL, NULL),
	(1449, '19087', '0032770229', 'DAVID HERLAMBANG', 'L', 44, 'A', NULL, NULL),
	(1450, '19088', '0045768982', 'DONI WIDI WIBOWO', '', 44, 'T', NULL, 'Pindah ke SMK Widya Kta 7/2/2019'),
	(1451, '19089', '0026951990', 'DWI BAHTIAR BALSA', 'L', 44, 'A', NULL, NULL),
	(1452, '19090', '0027921943', 'DWI JUNI NUROHMAN', 'L', 44, 'A', NULL, NULL),
	(1453, '19091', '0017838252', 'EKA ADY PERMANA', 'L', 44, 'A', NULL, NULL),
	(1454, '19092', '0034119172', 'FAJAR SIDIK', 'L', 44, 'A', NULL, NULL),
	(1455, '19093', '0024710898', 'FIKI ADI SAPUTRA', 'L', 44, 'A', NULL, NULL),
	(1456, '19094', '0026954767', 'GUNAWAN SETIYADI', 'L', 44, 'A', NULL, NULL),
	(1457, '19095', '0024258488', 'HARUN PURNOMO ADI', 'L', 44, 'A', NULL, NULL),
	(1458, '19096', '0034119882', 'HERU SETIAWAN', 'L', 44, 'A', NULL, NULL),
	(1459, '19097', '0033532210', 'IRVAN NUR MUHAMMAD', 'L', 44, 'A', NULL, NULL),
	(1460, '19098', '0034130219', 'MOCHAMAD SETIAWAN', 'L', 44, 'A', NULL, NULL),
	(1461, '19099', '0032615608', 'MUHAMMAD AGUS WIDHIYANTO', 'L', 44, 'A', NULL, NULL),
	(1462, '19100', '0027496262', 'MUHAMMAD NURUL SOBRI', 'L', 44, 'A', NULL, NULL),
	(1463, '19101', '0010978378', 'MUHAMMAD RIZKY APRILIYANTO', 'L', 44, 'A', NULL, NULL),
	(1464, '19102', '0033534431', 'MUHAMMAD SAMSUL', 'L', 44, 'A', NULL, NULL),
	(1465, '19103', '0032770655', 'MUSAFANGALI', 'L', 44, 'A', NULL, NULL),
	(1466, '19104', '0026952085', 'NAILUL AUTHOR', 'L', 44, 'A', NULL, NULL),
	(1467, '19105', '0037827458', 'PUJI RAHAYU', 'P', 44, 'A', NULL, NULL),
	(1468, '19106', '0027496183', 'RACHMAD HIDAYAT', 'L', 44, 'A', NULL, NULL),
	(1469, '19107', '0032770342', 'RADIFAN AVZAN UBAIDILLAH', 'L', 44, 'A', NULL, NULL),
	(1470, '19108', '0033534429', 'REZA PRASETYO', 'L', 44, 'A', NULL, NULL),
	(1471, '19109', '0033518405', 'SADDAM AKBAR SAFIRA', 'L', 44, 'A', NULL, NULL),
	(1472, '19110', '0024153168', 'SA\'DIYAH', 'P', 44, 'A', NULL, NULL),
	(1473, '19111', '0024170239', 'SAPUTRA', 'L', 44, 'A', NULL, NULL),
	(1474, '19112', '0027291284', 'TRI ADMAJA WIJAYADI', 'L', 44, 'A', NULL, NULL),
	(1475, '19113', '0032131058', 'ZAINUL MUSTAFA', 'L', 44, 'A', NULL, NULL),
	(1476, '19114', '0027291658', 'ZIDAN PRATAMA PUTRA', 'L', 44, 'A', NULL, NULL),
	(1477, '19115', '0032751871', 'ADNAN RAMADHAN SYAHPUTRA', 'L', 45, 'A', NULL, NULL),
	(1478, '19116', '0017799667', 'AFIK ADI PANGESTU', 'L', 45, 'A', NULL, NULL),
	(1479, '19117', '0034199383', 'AHMAD HASAN MUBAROK', 'L', 45, 'A', NULL, NULL),
	(1480, '19118', '0033518687', 'AKHMAD NUR SALIM', 'L', 45, 'A', NULL, NULL),
	(1481, '19119', '0024779098', 'ALFIN RIFAI', 'L', 45, 'A', NULL, NULL),
	(1482, '19120', '0017810579', 'ANANG ARDIAN', 'L', 45, 'A', NULL, NULL),
	(1483, '19121', '0010423468', 'ANDRI WAHYU WIBOWO', 'L', 45, 'A', NULL, NULL),
	(1484, '19122', '001053440', 'ANGGA DWI PRABOWO', 'L', 45, 'A', NULL, NULL),
	(1485, '19123', '00242175583', 'APRIYANTO', 'L', 45, 'A', NULL, NULL),
	(1486, '19124', '0024217589', 'BENI ARDIANTO', 'L', 45, 'A', NULL, NULL),
	(1487, '19125', '0033611733', 'DELI AGATHA', 'L', 45, 'A', NULL, NULL),
	(1488, '19126', '0024217596', 'DIMAS RIYADI', 'L', 45, 'A', NULL, NULL),
	(1489, '19127', '0010534346', 'DWI EKO SAPUTRO', 'L', 45, 'A', NULL, NULL),
	(1490, '19128', '0028722672', 'EKO SETIAWAN', 'L', 45, 'A', NULL, NULL),
	(1491, '19129', '0017799632', 'FIRMAN AJI PRAYOGO', 'L', 45, 'A', NULL, NULL),
	(1492, '19130', '0027134585', 'GILANG ROCHMADON', 'L', 45, 'A', NULL, NULL),
	(1493, '19131', '9988249477', 'GUNAWAN ', 'L', 45, 'A', NULL, NULL),
	(1494, '19132', '0031530287', 'IQBAL ADAM', 'L', 45, 'A', NULL, NULL),
	(1495, '19133', '0024217592', 'JEFRI ARIYANTO', 'L', 45, 'A', NULL, NULL),
	(1496, '19134', '0013564796', 'MUHAMMAD NAJMI', 'L', 45, 'A', NULL, NULL),
	(1497, '19135', '0023701977', 'NIKEN ANDRIYANI', 'P', 45, 'A', NULL, NULL),
	(1498, '19136', '', 'NIKO TRIANTORO', 'L', 45, 'A', NULL, NULL),
	(1499, '19137', '0032824987', 'NISA YULIANA RAHMA WATI', 'P', 45, 'A', NULL, NULL),
	(1500, '19138', '0014161998', 'PRIMA FRESH ADHIE', 'L', 45, 'A', NULL, NULL),
	(1501, '19139', '0034119590', 'PUTRI RAHAYU LESTARI', 'P', 45, 'A', NULL, NULL),
	(1502, '19140', '0039776699', 'RESTU BAGUS PRASETYA AJI', 'L', 45, 'A', NULL, NULL),
	(1503, '19141', '0017671630', 'RISKY DWI RIVANTO', 'L', 45, 'A', NULL, NULL),
	(1504, '19142', '0010776822', 'SADAM JULIO SAPUTRA', 'L', 45, 'A', NULL, NULL),
	(1505, '19143', '0024217593', 'SEPTIAN PRASETYO', 'L', 45, 'A', NULL, NULL),
	(1506, '19144', '0010776823', 'SIGIT SUSENO', 'L', 45, 'A', NULL, NULL),
	(1507, '19145', '0032770037', 'TUTUR ISMAIL RAMADHAN', 'L', 45, 'A', NULL, NULL),
	(1508, '19146', '0031610123', 'WISNU RAGA SEJATI', 'L', 45, 'A', NULL, NULL),
	(1509, '19147', '0035557248', 'ABDULLAH FAQIH', 'L', 46, 'A', NULL, NULL),
	(1510, '19148', '0034119169', 'ADITYA HARIO IRAWAN', 'L', 46, 'A', NULL, NULL),
	(1511, '19149', '0029057339', 'AHMAD MUTAKHIM', 'L', 46, 'A', NULL, NULL),
	(1512, '19150', '0024217465', 'AKHMAD MUSHODIQ', 'L', 46, 'A', NULL, NULL),
	(1513, '19151', '0018188109', 'ALDY PAMUNGKAS', 'L', 46, 'A', NULL, NULL),
	(1514, '19152', '0010534377', 'ALFIAN JUNIANTO', 'L', 46, 'A', NULL, NULL),
	(1515, '19153', '0013554181', 'ANANG SUBARKAH', 'L', 46, 'A', NULL, NULL),
	(1516, '19154', '0033732566', 'ANAS NAUFAL NASRULHAQ', 'L', 46, 'A', NULL, NULL),
	(1517, '19155', '0010422260', 'ANGGA SEPTIYAN', 'L', 46, 'A', NULL, NULL),
	(1518, '19156', '0006110827', 'BADARUDIN', 'L', 46, 'A', NULL, NULL),
	(1519, '19157', '0024588103', 'BARUDI', 'L', 46, 'A', NULL, NULL),
	(1520, '19158', '0033531549', 'BEKTI CANDRA KUSUMA', 'L', 46, 'A', NULL, NULL),
	(1521, '19159', '0024170410', 'BINTANG TRI WICAKSONO', '', 46, 'T', NULL, 'Keluar pindah ke SMK HKTI Purworejo'),
	(1522, '19160', '0033730900', 'BUDIARTO', 'L', 46, 'A', NULL, NULL),
	(1523, '19161', '0026218434', 'DELI AGUSTIAN', 'L', 46, 'A', NULL, NULL),
	(1524, '19162', '0024170743', 'DICKY IRAWAN', 'L', 46, 'A', NULL, NULL),
	(1525, '19163', '0013064295', 'DWI SETIYO PRAYITNO', 'L', 46, 'A', NULL, NULL),
	(1526, '19164', '0024175123', 'EDY HERMANTO', 'L', 46, 'A', NULL, NULL),
	(1527, '19165', '', 'EKA TOMI RIYADI', 'L', 46, 'A', NULL, NULL),
	(1528, '19166', '0027319552', 'FATHUR ROHMAN', '', 46, 'T', NULL, 'Mengundurkan diri atas PO 25/8/2018'),
	(1529, '19167', '0027291630', 'GALIH SAPUTRA', 'L', 46, 'A', NULL, NULL),
	(1530, '19168', '0027953188', 'GILANG FAJAR RAMADHAN', 'L', 46, 'A', NULL, NULL),
	(1531, '19169', '0033931182', 'HERNIKO DWI KISWARA', 'L', 46, 'A', NULL, NULL),
	(1532, '19170', '0024779094', 'IRVAN ARYA WIJAYA', 'L', 46, 'A', NULL, NULL),
	(1533, '19171', '0026290525', 'IVAN RAHMADANI', 'L', 46, 'A', NULL, NULL),
	(1534, '19172', '0024778982', 'MAHMUD DA\'I', 'L', 46, 'A', NULL, NULL),
	(1535, '19173', '0024217594', 'MUHAMMAD HANAFI', 'L', 46, 'A', NULL, NULL),
	(1536, '19174', '003391938', 'PANGGIH RESTU AJI', 'L', 46, 'A', NULL, NULL),
	(1537, '19175', '0042486528', 'RAFIF HANAFI', 'L', 46, 'A', NULL, NULL),
	(1538, '19176', '0033911087', 'RIZKY ADI NUGROHO', 'L', 46, 'A', NULL, NULL),
	(1539, '19177', '0032759882', 'RONI AJI PRATAMA', 'L', 46, 'A', NULL, NULL),
	(1540, '19178', '0033531696', 'SIGIT PANGESTU', 'L', 46, 'A', NULL, NULL),
	(1541, '19179', '0034130212', 'SOEYAN HADI YUSUF', 'L', 46, 'A', NULL, NULL),
	(1542, '19180', '0018115465', 'SUPRIH WIDODO', 'L', 46, 'A', NULL, NULL),
	(1543, '19181', '0023187923', 'TEGUH PRASETYA', 'L', 46, 'A', NULL, NULL),
	(1544, '19182', '0024122278', 'WAHYU SETIO', 'L', 46, 'A', NULL, NULL);
/*!40000 ALTER TABLE `siswa` ENABLE KEYS */;

-- Dumping structure for table absensi_smk.tahun_ajaran
DROP TABLE IF EXISTS `tahun_ajaran`;
CREATE TABLE IF NOT EXISTS `tahun_ajaran` (
  `ID_TAHUN_AJARAN` int(11) NOT NULL AUTO_INCREMENT,
  `KODE_TAHUN_AJARAN` varchar(4) COLLATE latin1_general_ci NOT NULL,
  `NAMA_TAHUN_AJARAN` varchar(50) COLLATE latin1_general_ci DEFAULT NULL,
  `STATUS_TAHUN_AJARAN` enum('A','T') COLLATE latin1_general_ci DEFAULT 'A',
  PRIMARY KEY (`ID_TAHUN_AJARAN`),
  UNIQUE KEY `KODE_TAHUN_AJARAN` (`KODE_TAHUN_AJARAN`)
) ENGINE=InnoDB AUTO_INCREMENT=6 DEFAULT CHARSET=latin1 COLLATE=latin1_general_ci;

-- Dumping data for table absensi_smk.tahun_ajaran: ~5 rows (approximately)
DELETE FROM `tahun_ajaran`;
/*!40000 ALTER TABLE `tahun_ajaran` DISABLE KEYS */;
INSERT INTO `tahun_ajaran` (`ID_TAHUN_AJARAN`, `KODE_TAHUN_AJARAN`, `NAMA_TAHUN_AJARAN`, `STATUS_TAHUN_AJARAN`) VALUES
	(1, '2016', '2016/2017', 'A'),
	(2, '2017', '2017/2018', 'A'),
	(3, '2018', '2018/2019', 'A'),
	(4, '2019', '2019/2020', 'A'),
	(5, '2020', '2020/2021', 'T');
/*!40000 ALTER TABLE `tahun_ajaran` ENABLE KEYS */;

-- Dumping structure for table absensi_smk.user
DROP TABLE IF EXISTS `user`;
CREATE TABLE IF NOT EXISTS `user` (
  `ID_USER` int(11) NOT NULL AUTO_INCREMENT,
  `NAMA_USER` varchar(200) COLLATE latin1_general_ci NOT NULL,
  `USERNAME` varchar(50) COLLATE latin1_general_ci NOT NULL,
  `PASSWORD` varchar(255) COLLATE latin1_general_ci NOT NULL,
  `STATUS_USER` enum('A','T') COLLATE latin1_general_ci NOT NULL DEFAULT 'A',
  `LEVEL_USER` enum('ADMIN','BK','GURU') COLLATE latin1_general_ci NOT NULL DEFAULT 'BK',
  `ID_GURU_DISCARD` int(11) DEFAULT NULL,
  `LAST_LOGIN` datetime DEFAULT NULL,
  `LAST_LOGOUT` datetime DEFAULT NULL,
  PRIMARY KEY (`ID_USER`),
  UNIQUE KEY `USERNAME` (`USERNAME`)
) ENGINE=InnoDB AUTO_INCREMENT=7 DEFAULT CHARSET=latin1 COLLATE=latin1_general_ci;

-- Dumping data for table absensi_smk.user: ~2 rows (approximately)
DELETE FROM `user`;
/*!40000 ALTER TABLE `user` DISABLE KEYS */;
INSERT INTO `user` (`ID_USER`, `NAMA_USER`, `USERNAME`, `PASSWORD`, `STATUS_USER`, `LEVEL_USER`, `ID_GURU_DISCARD`, `LAST_LOGIN`, `LAST_LOGOUT`) VALUES
	(1, 'ADMIN-1', 'ADMIN', '73acd9a5972130b75066c82595a1fae3', 'A', 'ADMIN', 1, '2019-08-12 03:53:32', '2019-07-24 14:55:13'),
	(5, 'Mift-BK', 'BK', '3b16c9d4c4c856ce7fff405e3b6c43ab', 'A', 'BK', NULL, '2019-07-24 14:50:55', '2019-07-24 14:51:08'),
	(6, 'Wali', 'WALI', 'b3a43f81d029c35a0d188857f958d0c4', 'A', 'GURU', NULL, '2019-07-24 14:58:25', '2019-07-24 14:58:46');
/*!40000 ALTER TABLE `user` ENABLE KEYS */;

-- Dumping structure for trigger absensi_smk.siswa_after_insert
DROP TRIGGER IF EXISTS `siswa_after_insert`;
SET @OLDTMP_SQL_MODE=@@SQL_MODE, SQL_MODE='NO_AUTO_CREATE_USER,NO_ENGINE_SUBSTITUTION';
DELIMITER //
CREATE TRIGGER `siswa_after_insert` AFTER INSERT ON `siswa` FOR EACH ROW BEGIN
	UPDATE kelas 
	SET kelas.JUMLAH_SISWA=(SELECT COUNT(*) FROM siswa WHERE siswa.KELAS=NEW.KELAS);
END//
DELIMITER ;
SET SQL_MODE=@OLDTMP_SQL_MODE;

-- Dumping structure for trigger absensi_smk.siswa_after_update
DROP TRIGGER IF EXISTS `siswa_after_update`;
SET @OLDTMP_SQL_MODE=@@SQL_MODE, SQL_MODE='NO_AUTO_CREATE_USER,NO_ENGINE_SUBSTITUTION';
DELIMITER //
CREATE TRIGGER `siswa_after_update` AFTER UPDATE ON `siswa` FOR EACH ROW BEGIN
	UPDATE kelas 
	SET kelas.JUMLAH_SISWA=(SELECT COUNT(*) FROM siswa WHERE siswa.KELAS=NEW.KELAS);
END//
DELIMITER ;
SET SQL_MODE=@OLDTMP_SQL_MODE;

-- Dumping structure for trigger absensi_smk.user_before_insert
DROP TRIGGER IF EXISTS `user_before_insert`;
SET @OLDTMP_SQL_MODE=@@SQL_MODE, SQL_MODE='NO_AUTO_CREATE_USER,NO_ENGINE_SUBSTITUTION';
DELIMITER //
CREATE TRIGGER `user_before_insert` BEFORE INSERT ON `user` FOR EACH ROW BEGIN
	IF NEW.PASSWORD IS NULL OR NEW.PASSWORD='' THEN
		SET NEW.PASSWORD = MD5(NEW.USERNAME);
	END IF;
END//
DELIMITER ;
SET SQL_MODE=@OLDTMP_SQL_MODE;

/*!40101 SET SQL_MODE=IFNULL(@OLD_SQL_MODE, '') */;
/*!40014 SET FOREIGN_KEY_CHECKS=IF(@OLD_FOREIGN_KEY_CHECKS IS NULL, 1, @OLD_FOREIGN_KEY_CHECKS) */;
/*!40101 SET CHARACTER_SET_CLIENT=@OLD_CHARACTER_SET_CLIENT */;
